type,post_id,title,author,score,flair,body,created_utc
post,fdn1t1,Welcome to COVID19_5G!,earthcomedy,4,N/A,"We're told the source of the virus is a bat.

People in China have been eating various wild animals for ""eons."" Why is it a problem, now?

Some people think it's a leak from a biolab\*....but the (BSL-4) lab has been there for ~~many~~ some years (Since 2015). Why all of a sudden now is there a problem?

Some think it is a ""natural recombination."" What if something that appears to be natural, really isn't ""natural.""

COVID-19 of natural origin rather than lab creation: Chinese study

[https://www.globaltimes.cn/content/1181938.shtml](https://www.globaltimes.cn/content/1181938.shtml)

\*There are plenty of movies which depict the biolab scenario - like Resident Evil. We are consciously and subconsciously affected by FAKEtional movies. # of movies about wireless radiation being harmful, let alone causing mass health problems.  ---> 0. ZERO.  And there never will be any....we're too in love with our technology. LOVE is BLIND, until the spell is broken.

&#x200B;

What IF:

\- The massive amt of radiation added (required / mandated) by 5G caused a mutation in a bat?

and / or combined with...

\- A weakening of the immune systems of Wuhan residents due to 5G / radiation increase, that allowed the virus to grab a foothold in humans and spread further from there. In other words, if this virus already existed in the past, it never did anything / spread, because locals in Wuhan / Hubei were strong enough to fight it off. If it never existed before, than the first reason is perhaps true.

We won't know precisely what happened until more research is done...and that won't be done for many years....but by then the world as we know it will be over - but that is another story.

As for the biolab - there is a possible explanation of where both this 5G viewpoint and biolab viewpoint meet.  More on that later perhaps.

More explanations possible...to be listed...one of these days...

&#x200B;

**What is this subReddit?**

\- Show relationship between 5G implementation and the start of the virus - focus on Wuhan / Hubei

\- Show that highest PER CAPITA outbreak locations are often those with 5G already implemented \[Though to be sure, it is not the only factor. And just because one does not have 5G, does not mean there isn't already a lot of wireless radiation in a particular area\]

\- Smattering of related EMF health articles

\- Show relationship to select events re: livestock sickness / death

\- Select articles / graphs from past flu outbreaks and re: EMF / wireless radiation events

**What is it NOT?**

\- It is NOT meant to be an all things EMF.

\- It is not meant to convince anyone that (man-made) wireless radiation is harmful. There are many books and documentaries for that. \[Will post a few of those\] And there is a lot of evidence right in front of you, perhaps even in your own mirror! \[But since you don't know what to look for, and/or are used to a ""new normal"" you haven't realized it yet\] And the truth will come out many years later (15 years) once some other things happen.

\- It is NOT meant for general coronavirus / COVID-19 updates / news

* No stories about ventilators
* No stories about celebrities or semi-famous / famous people getting sick or dying
* No stories about lockdowns
* No stories about # of people dying (Unless direct relation to wireless radiation amt)
* No stories about hospital heroes or anything of that sort
* No stories about (major) events or sports leagues cancelled
* No stories about police / army response
* No stories about mask / equipment shortages
* No stories about drugs working / not working (for the most part)
* No stories about people getting stuck somewhere
* No stories about bankruptcies / business closures
* Yes - stories related to the origin
* Yes - stories about strains / mutations

Of course, there are exceptions, so if a story in one of those categories can help shed light on the origin, for example, then it should be posted.

\- It is NOT meant to discuss ALL factors that contribute to whether one gets very sick / hospitalized from COVID-19. \[Because it isn't just 5G, or 4G, or wireless radiation exposure.  But that is a major factor / primary factor\]

\--------

&#x200B;

<more text to be added>                                                                      


**What is 5G? What is 5G from a big picture health perspective?**

5G introduces new frequencies....

&#x200B;

**Assumptions:**

The ""world"" will NEVER admit to this. It's hard enough for most individuals, who DO NOT even consider ANY health effects (It's totally safe!). For those that might, they do a limited search, and find articles that state - no health effects.  Or inconclusive!  Who studies history? Many people gravitate to answers they WANT to see, rather than finding answers that show how things ACTUALLY are.

Wireless tech companies will NEVER admit to this

Technology companies will NEVER admit to this - and they have hundreds of billions of dollars/trillions to convince you otherwise. (Apple alone...)

The truth of all this will only come out / be accepted when certain things happen in the future.  Until then, we will suffer.  Better for me to remain mum on that...

\[So, technically, I shouldn't use the word NEVER, but if we rephrased it - the world / tech cos will NEVER admit to this until - a much greater force appears...\]

&#x200B;",2020-03-05 00:51:41
comment,fdn1t1,Commento su: Welcome to COVID19_5G!,None,11,N/A,[deleted],2020-03-21 06:46:35
comment,fdn1t1,Commento su: Welcome to COVID19_5G!,Mikey8916,9,N/A,It’s sad to see that people are dying while u are trying to blame this on 5g,2020-04-05 04:23:11
comment,fdn1t1,Commento su: Welcome to COVID19_5G!,earthcomedy,1,N/A,"**Highest Outbreak Cities/Countries:**

\------------------------------------------------------

**China** \- 5G widespread

**South Korea** \- 5G widespread (including in Daegu)

**Italy** \- 5G widespread in major cities, especially Milan area

**Iran** \- no

...so there are other factors. More on that later perhaps.

**Spain** \- yes

5G is already active in many major European cities...by 1Q 2020 is it widespread?

Also must consider time testing before official launch. Exposure occurs during testing phase too.

Tracking  deployment details around the world is difficult and time consuming  (obviously). Will update as possible. If you find interesting links re:  this, reply to this post with links.

**Switzerland** \- Yes - [https://www.rcrwireless.com/20190820/5g/5g-in-switzerland](https://www.rcrwireless.com/20190820/5g/5g-in-switzerland)

[https://www.swissinfo.ch/eng/society/covid-19\_coronavirus--the-situation-in-switzerland/45592192#.Xm4iJlSWiBt.reddit](https://www.swissinfo.ch/eng/society/covid-19_coronavirus--the-situation-in-switzerland/45592192#.Xm4iJlSWiBt.reddit)

**Norway** \- beginning - [https://www.telenor.com/media/press-release/telenor-opens-first-commercial-5g-network-in-norway](https://www.telenor.com/media/press-release/telenor-opens-first-commercial-5g-network-in-norway)

[https://mobileidworld.com/ericsson-telenor-launch-norways-first-commercial-5g-network-031305/](https://mobileidworld.com/ericsson-telenor-launch-norways-first-commercial-5g-network-031305/)  \- only in Trondheim

**Germany** \- Partial

[https://www.fiercewireless.com/5g/5g-competition-ramps-up-germany-vodafone-covering-20-cities](https://www.fiercewireless.com/5g/5g-competition-ramps-up-germany-vodafone-covering-20-cities)

**France** \- no

[https://www.reuters.com/article/us-france-telecoms-5g-idUSKBN1XY0KV](https://www.reuters.com/article/us-france-telecoms-5g-idUSKBN1XY0KV)

[https://www.thelocal.fr/20190716/5g-mobile-phone-network-when-is-it-coming-to-france-and-what-does-it-mean](https://www.thelocal.fr/20190716/5g-mobile-phone-network-when-is-it-coming-to-france-and-what-does-it-mean)

**Denmark** \- partial - [https://www.verdict.co.uk/denmark-5g-network/](https://www.verdict.co.uk/denmark-5g-network/)

**USA** \- Partial - [https://venturebeat.com/2020/03/10/rootmetrics-verizons-5g-blazes-past-wider-slower-t-mobile-and-att/](https://venturebeat.com/2020/03/10/rootmetrics-verizons-5g-blazes-past-wider-slower-t-mobile-and-att/)

California:

[https://www.kqed.org/news/11791335/5g-is-officially-in-san-francisco-and-san-jose-but-who-really-has-access](https://www.kqed.org/news/11791335/5g-is-officially-in-san-francisco-and-san-jose-but-who-really-has-access)

[https://www.sdxcentral.com/articles/news/att-lights-up-5g-network-in-californias-4-largest-cities/2019/04/](https://www.sdxcentral.com/articles/news/att-lights-up-5g-network-in-californias-4-largest-cities/2019/04/)

[https://newspunch.com/california-bans-5g-cancer/](https://newspunch.com/california-bans-5g-cancer/) \- Mill Valley, CA

Michigan - [https://www.fox47news.com/news/local-news/grand-rapids/grand-rapids-is-2nd-michigan-city-to-get-5g-service-from-verizon-wireless](https://www.fox47news.com/news/local-news/grand-rapids/grand-rapids-is-2nd-michigan-city-to-get-5g-service-from-verizon-wireless)

New Jersey - [https://www.roi-nj.com/2019/12/18/tech/future-is-now-hoboken-becomes-1st-city-in-n-j-to-get-5g-technology/](https://www.roi-nj.com/2019/12/18/tech/future-is-now-hoboken-becomes-1st-city-in-n-j-to-get-5g-technology/)

New York - see separate post

**UK** \- [https://www.techradar.com/uk/news/5g-uk](https://www.techradar.com/uk/news/5g-uk)

[https://www.theguardian.com/technology/2019/may/25/what-is-5g-and-when-can-i-get-it-in-the-uk](https://www.theguardian.com/technology/2019/may/25/what-is-5g-and-when-can-i-get-it-in-the-uk)

**Australia** \- Yes

[https://exchange.telstra.com.au/weve-enabled-5g-in-all-major-australian-cities/](https://exchange.telstra.com.au/weve-enabled-5g-in-all-major-australian-cities/)

[https://tottnews.com/2019/05/16/5g-tower-locations-australia/](https://tottnews.com/2019/05/16/5g-tower-locations-australia/)",2020-03-28 17:05:47
comment,fdn1t1,Commento su: Welcome to COVID19_5G!,earthcomedy,1,N/A,"**Who DOES NOT have 5G yet as of 1Q 2020**

**Japan** (If you remove Diamond Princess ship, cases per capita is very low)

[https://www.msn.com/en-au/news/coronavirus/%E2%80%9Cthis-may-be-the-tip-of-the-iceberg%E2%80%9D-why-japans-coronavirus-crisis-may-be-just-beginning/ar-BB11SSTl](https://www.msn.com/en-au/news/coronavirus/%E2%80%9Cthis-may-be-the-tip-of-the-iceberg%E2%80%9D-why-japans-coronavirus-crisis-may-be-just-beginning/ar-BB11SSTl)

**Taiwan -** spectrum auction in 1Q 2020

**Macau**

[https://www.msn.com/en-sg/news/other/macau-discharges-last-recovered-coronavirus-patient-with-no-new-cases-in-more-than-a-month/ar-BB10QsdZ](https://www.msn.com/en-sg/news/other/macau-discharges-last-recovered-coronavirus-patient-with-no-new-cases-in-more-than-a-month/ar-BB10QsdZ)

**Singapore -** spectrum auction in 1Q 2020

**Hong Kong -** spectrum aucion in Oct 2019

[https://www.fiercewireless.com/5g/hong-kong-carriers-scoop-up-3-5-ghz-spectrum-at-5g-auction](https://www.fiercewireless.com/5g/hong-kong-carriers-scoop-up-3-5-ghz-spectrum-at-5g-auction)

[https://www.bbc.com/news/world-asia-china-51921515](https://www.bbc.com/news/world-asia-china-51921515) \- most cases imported

[https://www.lightreading.com/asia/5g-set-to-make-hong-kong-debut/d/d-id/758550](https://www.lightreading.com/asia/5g-set-to-make-hong-kong-debut/d/d-id/758550) \- turning on 3/30/20

**Indonesia**

&#x200B;

..and of these nations...none have a serious COVID problem yet...though Japan gets maligned as having it...but no. But there are other factors too....",2020-03-28 17:06:19
comment,fdn1t1,Commento su: Welcome to COVID19_5G!,None,1,N/A,"Any ideas on Iran yet? Maybe they put a real virus there, to 1) disrupt the nation, 2) kill certain people and/or 3) create a red herring for the covid19/5g situation?",2020-04-04 06:33:57
comment,fdn1t1,Commento su: Welcome to COVID19_5G!,HWM_BlacKnight,1,N/A,"You do realize that the first SARS-Covid virus in the early 2000's badly hit some of the Asian countries you mentioned?

As a consequence they developed very robust protocols in the event there was another outbreak which is why they've got such a handle on SARS-Covid-2 virus. Coronaviruses are nothing new and have been shown to have been circulating in horseshoe bat populations.

In Taiwan the government has been directly contacting their population daily through messages, they uploaded data to a central healthcare system, they did contact tracing, airport screening, multiple disinfection stations. 

These are some of the same measures South Korea implemented and in case you're not aware is densely populated with over 5 million 5G subscribers.",2020-04-05 14:36:27
comment,fdn1t1,Commento su: Welcome to COVID19_5G!,earthcomedy,1,N/A,"Latest update:

New analysis:

Intersection of Biolab and 5G is the probable solution.

Especially with new testimony from Li Meng Yan and other data points.",2020-08-07 17:18:30
comment,fdn1t1,Commento su: Welcome to COVID19_5G!,ki4clz,1,N/A,"5g is just software, not sure you know this or not

...and you do know that correlation does not equal causation right...?

echo, echo, echo...

come on bruh, you can't live your life this way... put the computer down for a week or two, just take a break... 

and if you're lonely let's play some chess or something

but this isn't healthy friend

the folks on /r/conspiracy or any of the other nut-job subs aren't your friends

have any of them reached out to you like I have...? any...

regardless of the subject matter, nobody's asking you to change your views, just take a break for a while mate

the rabbit hole will just keep going deeper and deeper if you stay on this Level II stuff brother...

come out of it for a while, you deserve a break

we can talk about the higher levels if you like, we can play some chess online or whatever to get to know one another...

but...  I dunno mate, this just isn't healthy for you 

I've been there

Good luck friend

Joshua in Alabama

*(and yes that picture on my profile, is actually me)*",2021-12-23 12:23:21
comment,fdn1t1,Commento su: Welcome to COVID19_5G!,earthcomedy,2,N/A,"as was nearly every other inventor / whistleblower / unique innovator / many explorers.  But people who only pay attention to what is popular or who just want to be ""normal"" (for normal's sake / fear) don't understand this. We'll be saying goodbye to this way of thinking...those people will just die out. That's evolution.",2020-04-03 20:46:26
comment,fdn1t1,Commento su: Welcome to COVID19_5G!,King_Khoma,1,N/A,So isnt it weird that south korea had one of the first 5G networks and also are one of the few to be not only safely handling it with some of the lowest numbers but actively eradicating it?,2020-03-30 06:58:53
comment,fdn1t1,Commento su: Welcome to COVID19_5G!,earthcomedy,1,N/A,"just natural spread, no conspiracy. 

Yes...I have ideas on Iran and other non 5G places, some of which I've expressed....but to go further I would have to start revealing / talking more about factors related to (general) health.  Which in some instances are different than what is in alternative or mainstream -- it's been a very detailed learning exercise over many years.

Not willing to do that right now.   That would diverge away from this Reddit's focus, plus I have thoughts on writing a book. 

Plus ideas like  - people who are more obese/overweight tend to die/need hospitalization are on the net.  The better question is WHY are people obese/overweight despite all the exercise fads, etc... 

...Though certainly...some of those factors are EMF related. Going wired, etc...being aware of where antennas, routers are, etc....  which people can learn about by doing proper searches of course...or in your case (or anyone 'brave enough' to join this sub), maybe you already know about that.",2020-04-04 16:13:49
comment,fdn1t1,Commento su: Welcome to COVID19_5G!,earthcomedy,1,N/A,"Yes...I follow Taiwan closely for personal reasons. I'm aware of what is going on.  

Seen docs on SARS, etc...

Yes, Coronavirus is a very general term...but it seems to be popular (In America at least)

Suggest you read through many of the posts here (It's not overloaded like many CV Reddits) ...for more clarification on viewpoint. And you would of seen the South Korea posts and other ones..and therefore, would not have written most of what you just did. Search....   :)

Welcome! BlackKnight! What's HWM?",2020-04-05 15:37:30
comment,fdn1t1,Commento su: Welcome to COVID19_5G!,earthcomedy,1,N/A,"Yes, that is interesting. I did notice that too. Thanks for commenting on that. Good observation.

I will say...for now!  This virus is very sneaky though...maybe next year...we'll see.

SK is big on testing and certain Asian countries are big on mask wearing. See graph in this Twitter feed. Also Czechia (Czech Republic) is big on masks, and they have ""flattened the curve.""   Have that in my tabs, was going to post an article about that. Also an article about Japan. 

https://twitter.com/gspowers/status/1243911087596208128

All countries that are big on mask wearing have reduced this.  But what happens when people stop wearing masks / relax their guard? A year or two from now or 6 months from now? Don't know, can only speculate.  What is the latency / incubation period of this virus and/or various strains? See - Can you Get Reinfected articles.

What happens as 5G (more radiation / new frequencies) continually weakens people and is installed in more and more places?  How will mask / social distancing hold up? How long will mask / social distancing / event shutdowns be tolerated?   

Don't have answers to that...can only observe and speculate. But we can learn from the natural world - MASS ANIMAL DEATHS. Have some more posts for those subjects.  Also can learn from some other interesting videos of the last few years.  As I have time / interest, I will post.",2020-03-30 16:00:06
comment,fdn1t1,Commento su: Welcome to COVID19_5G!,HWM_BlacKnight,1,N/A,"The difference with South Korea is that they've done much more testing than western countries so you will detect more infected people. However their rate of increase is dramatically lower than what we would otherwise have expected. Being so densely populated you were never going to be able to fully contain the virus but what they've achieved so far is impressive.

There's a culture element to all of this too as some Asian countries are far better at maintaining social distancing and seem to be wearing masks a lot more than in other countries. 

HWM is Halo Wheelmen, used to be an active halo player back in the day.",2020-04-05 15:44:23
comment,fdn1t1,Commento su: Welcome to COVID19_5G!,earthcomedy,1,N/A,"Will more mutations occur? (Because of more 5G? Or 5G related factor?) Study 1918 Spanish Flu...wave 2 did the most damage, if am not mistaken. How many waves of COVID-19 / Sars-Cov-2 will there be? Just 1, annual event, 2, 3.

No answers.",2020-03-30 20:07:44
comment,fdn1t1,Commento su: Welcome to COVID19_5G!,earthcomedy,1,N/A,"Nice...did get addicted briefly to a couple of overhead Halo shoot em ups briefly.  

Yes, agreed on your statements.

The near future will reveal more...this ""virus"" is very clever....hmmm...",2020-04-05 18:18:43
post,1bqywqh,Doctors caution supplement industry is unregulated and possibly dangerous,earthcomedy,1,N/A,"[https://www.dailymail.co.uk/wellness-us/nutrition/article-13252669/experts-warn-against-supplements-brain-cancer.html](https://www.dailymail.co.uk/wellness-us/nutrition/article-13252669/experts-warn-against-supplements-brain-cancer.html)

found that interesting line...interesting because we could say:

The proliferation of wireless DIGITAL radiation is unregulated and possibly dangerous.

We could also say:

The prescription medicine industry is regulated but corrupted by incessant lies, greed, and pride.

Doctor are regulated but brainwashed by pharma and medical device industry.

\---

Ask questions. Trust no-one, do not trust science, LIEnce, do not trust any organization.

Evaluated everything on its own merits and your life experience. And better yet- experiences you read about. No, not talking heads on TV or glossy commercials. Nor people in white coats.

&#x200B;",2024-03-29 20:43:07
post,1bkx5bo,"Long Covid's Cruelest Symptom: Homelessness - Rolling Stone - Feb 2022 ---> aka Microwave Sickness, 5G sickness, 4G LTE sickness, Wi-Sick, Bluesick, Cisco Sick, tech sick, Apple Sick, Crown Castle sick, Netgear Sick...",earthcomedy,1,COVID-19 Info,N/A,2024-03-22 11:37:28
post,196fiz8,5G mmWave (24-100 Ghz) market penetration. Enjoy the Tech love!,earthcomedy,1,5G Deployment,N/A,2024-01-14 13:08:53
comment,196fiz8,Commento su: 5G mmWave (24-100 Ghz) market penetration. Enjoy the Tech love!,earthcomedy,1,N/A,"[https://www.prnewswire.com/news-releases/mmwave-development-in-2023-idtechex-discusses-where-is-it-going-in-5-key-regions-us-eu-china-south-korea-japan-and-what-the-challenges-are-301788393.html](https://www.prnewswire.com/news-releases/mmwave-development-in-2023-idtechex-discusses-where-is-it-going-in-5-key-regions-us-eu-china-south-korea-japan-and-what-the-challenges-are-301788393.html)

Forecast to 2033. We ain't seen nothin' yet! Mental & emotional breakdown to skyrocket. ARM-a-Gettin' it?

Say it like a Macca commercial - I'm lovin' it!",2024-01-14 13:10:05
post,zv86lr,"The Funeral Business is Booming - Alex Berenson - Nov 2022 [will imply the vaccine...but left out of the equation is 5G, SICKwatches, SICKpods, etc...]",earthcomedy,1,Life & Death,N/A,2022-12-25 22:20:22
post,vyizpf,The Radiation Devil Gets the Hind Quarter,earthcomedy,1,N/A,N/A,2022-07-14 00:57:59
comment,vyizpf,Commento su: The Radiation Devil Gets the Hind Quarter,Forth1985,1,N/A,"Wait what? Why New Zealand? And its basically over. Why is the government saying Covid 19 is no longer a health emergency? It seems to be ending without any major ramifications to global society or fascist take overs. But yeah like 3 people died in New Zealand. So it's pretty serious.

I'm just confused is it fake and no one is really dying or is it real and killing people and scary?",2023-05-21 08:59:17
post,ri7jss,Colombia to hold 5G tender in December - minister - Telecom Paper - Jun 2021,earthcomedy,1,5G - South America,N/A,2021-12-17 03:10:44
comment,ri7jss,Commento su: Colombia to hold 5G tender in December - minister - Telecom Paper - Jun 2021,earthcomedy,1,N/A,"Colombia will finally hold its delayed tender of 5G-ready spectrum in December 2021, according to the country’s connectivity undersecretary Walid David. The confirmation follows last year’s consultation on the government’s auction plans that revealed interest from six local operators, with the 3.5GHz band receiving the most expressions of interest. The band has already been made available for a series of 5G trials ahead of the tender.  
  
Separately, BN Americas reported that Colombia is planning to create a shared public-private mobile network in remote areas where the private sector has little incentive to build infrastructure. The network would be set up in areas ""where there is only room for one mobile infrastructure,"" said David during a webinar organised by the magazine Semana.",2021-12-17 03:10:53
post,ri7jco,Poland’s long delayed 5G auction set back to 2022 - Total Telecom - Dec 2021,earthcomedy,1,5G - Europe,N/A,2021-12-17 03:10:05
post,r6nyk2,"Indonesia Launches 5G Network, but Frequency Limitation Leaves Many in Blank Spots - Jakarta Globe - May 2021",earthcomedy,1,5G - Asia,N/A,2021-12-01 20:13:28
post,qlcoms,The current situation of 5G in Italy in the Ookla Speedtest data - Italy 24 News - Jun 2021,earthcomedy,2,5G - Europe,N/A,2021-11-02 19:55:55
post,qlco86,Iliad Italia switches on 5G in 27 cities with €10 offer - Telecoms - Dec 2020,earthcomedy,2,5G - Europe,N/A,2021-11-02 19:55:23
post,qk3grl,New Trends in TraditionalBluetooth Markets - Bluetooth® Technology Website - June 2019,earthcomedy,1,Microwaves,N/A,2021-11-01 01:31:29
post,qfae2f,AirPods shipment to reach 85mn units next year - Sify - Oct 2021,earthcomedy,1,Microwaves,N/A,2021-10-25 06:09:48
post,qfadsu,"Apple sold nearly 60 million AirPods in 2019, grabbing 71% of totally wireless headphone revenue - 9 to 5 Mac - Jan 2020",earthcomedy,1,Microwaves,N/A,2021-10-25 06:09:13
post,qf6op4,DNB gets Malaysia ready for 5G - The Star - Oct 2021,earthcomedy,1,5G - Asia,N/A,2021-10-25 02:07:36
comment,qf6op4,Commento su: DNB gets Malaysia ready for 5G - The Star - Oct 2021,earthcomedy,1,N/A,[https://lehleo.com/malaysia-to-launch-commercial-5g-network-by-end-of-the-year-with-minimum-100mbps-5g-internet-speed/](https://lehleo.com/malaysia-to-launch-commercial-5g-network-by-end-of-the-year-with-minimum-100mbps-5g-internet-speed/),2021-10-25 02:07:57
post,qf6o50,5G in Malaysia: Much ado about... not very much yet - The Star - Oct 2021,earthcomedy,1,5G - Asia,N/A,2021-10-25 02:06:41
post,qf6nvr,"DNB appoints Ericsson to deploy Malaysia's 5G network, 80% population coverage by 2024 - Soyacincau - Jul 2021",earthcomedy,1,N/A,N/A,2021-10-25 02:06:15
post,qf6nma,DNB gets Malaysia ready for 5G - The Star - Oct 2021,earthcomedy,1,5G - Asia,N/A,2021-10-25 02:05:49
post,pzz6na,Portugal and Lithuania are the only EU countries without 5G - Econews - Jun 2021,earthcomedy,1,5G - Europe,N/A,2021-10-02 17:10:13
comment,pzz6na,Commento su: Portugal and Lithuania are the only EU countries without 5G - Econews - Jun 2021,oldgamewizard,1,N/A,Wish I had known about this sub long ago.,2021-10-03 16:42:49
comment,pzz6na,Commento su: Portugal and Lithuania are the only EU countries without 5G - Econews - Jun 2021,earthcomedy,2,N/A,"Haven't you? Added you 1 year ago.

Only about 12-15 people have access (of the 63 ""members"") sometimes it's public, sometimes private, sometimes restricted.

Will make open in near future I think again.",2021-10-03 17:46:38
comment,pzz6na,Commento su: Portugal and Lithuania are the only EU countries without 5G - Econews - Jun 2021,oldgamewizard,1,N/A,Yeah just mad at myself for not noticing. I have a lot of shit to add to this subject that I don't see from anyone else. I'm sorry I didn't see this.,2021-10-03 18:03:37
comment,pzz6na,Commento su: Portugal and Lithuania are the only EU countries without 5G - Econews - Jun 2021,earthcomedy,2,N/A,no matter...it will get noticed when it's time to be noticed. Whether this sub is here or not. Not much will happen (in terms of awareness) until the 2030s.,2021-10-04 00:29:34
comment,pzz6na,Commento su: Portugal and Lithuania are the only EU countries without 5G - Econews - Jun 2021,oldgamewizard,2,N/A,"Well I am very happy that you are around. You put in a shit ton of work doing what you do on here, doing things that most of us have no desire to do. You are truly a legend and you fill some very big shoes. I didn't think those shoes could possibly be filled on here but you do it all the time so thank you for proving me wrong.

You are very skilled at holding a virtual mirror up to peoples faces and I appreciate that you do that and thank you for not discriminating. I need a mirror in my face too, I am only human after all.",2021-10-05 06:00:23
comment,pzz6na,Commento su: Portugal and Lithuania are the only EU countries without 5G - Econews - Jun 2021,earthcomedy,2,N/A,"Well...ok. :)

Truly -- the best is yet to come.  But the best will be in person. But still a relative long road ahead for me.  

What do you mean by not discriminating?

In terms of doing things that others have no desire - in the sense of basic research?  You've done a lot of that! 

I can't believe I'm still on Reddit!   Though been spending some time on .win and [app.nonewnormal.com](https://app.nonewnormal.com).

BUt better is if I am doing off-line stuff or non social media, like direct emails to reporters. Been slacking a bit of late. 

I need to finish my 2nd packet PDF, get that copied, then send out to senators, etc...I feel I am losing interest though in COVID.   Mailed 2 copies of that to Inslee & King County Executive Constantine.  But want to send to many more. Need to get a PDF so I can print it out cheaply. Only partly done.",2021-10-05 06:24:49
comment,pzz6na,Commento su: Portugal and Lithuania are the only EU countries without 5G - Econews - Jun 2021,oldgamewizard,1,N/A,"I mean that you will hold the mirror up to people you agree with and I appreciate that. I can't do that, even if I'm Mr. Rogers they will attack me. 

You have a gift and you already know it I'm just holding the mirror back to you my friend. 

Yes like I said before, you need to send that packet to the people who matter. Forget the government you need to send that stuff to the lowbies at emergency managements.

I'm serious about that shit, the government is not in control since trump signed over state of emergency. Watch or read for more proof of what I've been saying the last year. 

https://www.youtube.com/watch?v=K2dAQSO-POo

Remove [] https://thetech[]nocratictyranny.com/corruption/the-invisible-wall/

The only benefit of sending that to ""officials"" is that once they receive it, and do nothing; they are now guilty of crimnal negligence. However since the courts aren't functioning right now we are up shits creek with a turd for a paddle.",2021-10-05 06:49:12
comment,pzz6na,Commento su: Portugal and Lithuania are the only EU countries without 5G - Econews - Jun 2021,oldgamewizard,1,N/A,"I hope that makes sense I am not the best at English. You aren't wasting your time by doing what you are doing. It is important to do that because it all goes on public record and we can deal with them later. 

I'm just saying that solutions may be expediated if you send that same info to the current people in power.",2021-10-05 06:55:43
comment,pzz6na,Commento su: Portugal and Lithuania are the only EU countries without 5G - Econews - Jun 2021,earthcomedy,2,N/A,">https://thetech\[\]nocratictyranny.com/corruption/the-invisible-wall/

Well..I want mask mandate to end...for vax or unvax.  I'll watch the vid.

Mask mandate comes from Gov - not sure how a lowbie is going to change that.",2021-10-05 07:09:55
comment,pzz6na,Commento su: Portugal and Lithuania are the only EU countries without 5G - Econews - Jun 2021,earthcomedy,1,N/A,"Well just because you send something doesn't mean it goes on public record.

An email may get recorded...but so many lies now.

Where are you from?",2021-10-05 13:15:49
comment,pzz6na,Commento su: Portugal and Lithuania are the only EU countries without 5G - Econews - Jun 2021,oldgamewizard,1,N/A,"> Mask mandate comes from Gov - not sure how a lowbie is going to change that.

Mask mandates is not coming from gov. Yes please watch the video. All these bullshit mandates are pretty much lock-step across the entire UN world something else is going on. The health districts are the same as the emergency management districts that is a very important fact. 

Watch Idaho governor he is constantly deferring to health districts and washing his hands of the mandate because if he actually came out and said ""you must wear a mask or face consequences"" someone in Idaho would shoot him dead.",2021-10-05 07:17:11
comment,pzz6na,Commento su: Portugal and Lithuania are the only EU countries without 5G - Econews - Jun 2021,oldgamewizard,1,N/A,"Well in my case, I actually testified and delivered giant pile of documents. So those are on public record, and there is record of my testimony. 

I am not sure about emergency management, maybe you will get somebody is completely ignorant to what is going on and after reading your documents will stand up. 

For me personally, I'm pretty sure they already know and I have already labeled them as an enemy. It's a complete subversion.",2021-10-06 08:34:26
post,ont1jj,India finally sets a date with 5G (Rollout in Aug 2022) - Tech Radar - Jun 2021,earthcomedy,1,5G - Asia,N/A,2021-07-20 02:31:24
post,olumbl,Fiji Wide 4G+ Coverage and 5G Ready Network - Vodafone Fiji - 2019,earthcomedy,1,5G - South Pacific,N/A,2021-07-17 01:25:18
post,olulz2,Fiji leads Pacific Islands for 4G and 5G – Developing Telecoms - 2019,earthcomedy,1,5G - South Pacific,N/A,2021-07-17 01:24:42
post,oidvjy,Gibtelecom announces 5G trial and sets groundwork for ‘Smart Gibraltar’ - Gibraltar Chronicle - Jun 2019,earthcomedy,1,5G - Europe,N/A,2021-07-11 22:16:53
post,oe1s1p,5G penetration only 12% on first anniversary in Taiwan - Focus Taiwan - Jul 2021,earthcomedy,1,5G - Asia,N/A,2021-07-05 07:02:40
post,odedg7,Listening to death! An adventure in shopping for WIRED noise cancelling headphones.,earthcomedy,1,Microwaves,N/A,2021-07-04 05:55:08
post,o7pntz,"Hailing 'revolution,' Israel launches 5G wireless service - Times of Israel - Sep 2020",earthcomedy,1,5G - Middle East,N/A,2021-06-25 15:13:01
post,napdk6,Dhiraagu introduces 5G in Maldives - The Edition - Aug 2019,earthcomedy,1,5G - Asia,N/A,2021-05-12 14:01:05
post,napcyn,Ooredoo Maldives Rolls Out 5G Services & 5G AirFibre - the 1st 5G Broadband Service in the Country - Ooredoo - Dec 2020,earthcomedy,1,5G - Asia,N/A,2021-05-12 14:00:27
post,n3x8zs,"Singapore Forges Ahead with Nationwide 5G Rollout - Infocomm Media Development Authority - Apr 2020 [1/2 coverage by end of 2022, full by end of 2025]",earthcomedy,1,5G - Asia,N/A,2021-05-03 14:18:29
comment,n3x8zs,"Commento su: Singapore Forges Ahead with Nationwide 5G Rollout - Infocomm Media Development Authority - Apr 2020 [1/2 coverage by end of 2022, full by end of 2025]",earthcomedy,1,N/A,rollout begins Jan 2021,2021-05-03 14:18:47
post,muvj9q,Journalist who caught Covid dies while live-tweeting his wait for a hospital bed...,earthcomedy,2,Health+,N/A,2021-04-20 17:26:04
post,mtsuh3,Thailand Now the Leading Nation Out of 34 Countries in 5G Rollout - Chiang Rai Times - Nov 2020,earthcomedy,1,5G - Asia,N/A,2021-04-19 04:15:07
post,mqym9m,"Who are the real crazies now? People concerned about invisible waves / radiation who wear ""tinfoil hats"" or people who wear gloves, masks, face shields, distance, and clean surfaces -- worried about an invisible particle, that can't even be measured.",earthcomedy,2,Philosophy - Life,"I think we know the answer. If you've ever been ridiculed...fire back.

If you know about EMF...you don't worry at all about C19, now or in the future.

&#x200B;",2021-04-14 19:56:33
comment,mqym9m,"Commento su: Who are the real crazies now? People concerned about invisible waves / radiation who wear ""tinfoil hats"" or people who wear gloves, masks, face shields, distance, and clean surfaces -- worried about an invisible particle, that can't even be measured.",Any-Double857,1,N/A,😂,2023-10-03 17:06:50
post,micz92,"Roku Remains Top CTV Platform, Amazon Fire TV Takes Second Spot This Year - eMarketer - May 2020",earthcomedy,1,N/A,N/A,2021-04-02 04:35:44
post,micxlq,"Roku tops 50 million subscribers as streaming surges amid pandemic - NY Post - Jan 2021 [More streaming, more radiation...]",earthcomedy,1,N/A,N/A,2021-04-02 04:32:39
post,mici7w,Claro Peru launches 5G home internet service in Lima - Telecompaper - Mar 2021,earthcomedy,1,5G - South America,N/A,2021-04-02 04:05:03
post,michyb,Entel Peru activates 5G FWA service - Telecompaper - Mar 2021,earthcomedy,1,5G - South America,N/A,2021-04-02 04:04:39
post,mhy47m,5G is already a reality in Brazil - Olhar Digital - Feb 2021 [Current deployment details -> more in Southern Brazil.....],earthcomedy,1,5G - South America,N/A,2021-04-01 15:47:03
comment,mhy47m,Commento su: 5G is already a reality in Brazil - Olhar Digital - Feb 2021 [Current deployment details -> more in Southern Brazil.....],earthcomedy,1,N/A,"Brasília is the most “covered” city for now. All four major operators in Brazil - [Tim](https://olhardigital.com.br/en/2020/10/31/news/tim-starts-test-with-5g-residential-network-in-three-Brazilian-cities/), [Vivo](https://olhardigital.com.br/en/2020/07/15/news/vivo-announces-launch-of-5g-dds-in-seven-or-eight-cities/), [Clear ](https://olhardigital.com.br/en/2020/11/04/news/Claro-announces-the-arrival-of-5g-dss-to-12-more-cities-by-December-see-the-list/)e [Oi](https://olhardigital.com.br/en/2020/10/08/pro/hi-starts-5g-commercial-pilot-in-brasilia/)  \- launched 5G DSS tests in the federal capital. Naturally, São Paulo  and Rio de Janeiro also have points with ultra speed, as well as Belo  Horizonte, Salvador, Curitiba, Belém, Goiânia, Manaus, Porto Alegre, São  Luís, Rio Verde (GO), Campinas (SP), Guarulhos (SP ), Santo André (SP),  Santos (SP), São Bernardo do Campo (SP) and São Caetano do Sul (SP).

&#x200B;

Matches current C19 caseload high in Southern Brazil. SP = Sao Paulo state",2021-04-01 15:47:20
post,mdi4f6,"General In Brazil, 5G expected available in all capitals by July 2022 - Agencia Brasil - Mar 2021",earthcomedy,1,5G - South America,N/A,2021-03-26 06:10:47
post,hia2fp,"Reddit deletes Donald Trump community, and 2,000 others, in purge of offensive content",earthcomedy,1,N/A,N/A,2020-06-29 22:09:34
comment,hia2fp,"Commento su: Reddit deletes Donald Trump community, and 2,000 others, in purge of offensive content",earthcomedy,1,N/A,"Can't trust a platform that behaves like this. I was a member of one of the 2,000 deleted Reddits - for like a week. Was humor and didn't seem worthy of deletion.  BANNING is one thing, outright deletion is another.  Is this TENCENT at work?  

Well...this reaffirms my disconnection from Reddit.  It's better that the knowledge I have stays underground anyway....",2020-06-29 22:21:13
post,hh0g4e,Summer spike? Experts warn of ‘reverse’ seasonal effect on coronavirus - Jun 2020 - Washington Times,earthcomedy,1,COVID-19 Info,N/A,2020-06-27 20:05:41
comment,hh0g4e,Commento su: Summer spike? Experts warn of ‘reverse’ seasonal effect on coronavirus - Jun 2020 - Washington Times,earthcomedy,1,N/A,"Said earlier I didn't want to post too much stuff like this....but this might among my last dying gasps of using Reddit...since this sub went private and now public...I have done a lot more analysis...I literally could post 100+ related weblinks. 200+, nevermind proprietary analysis....but not too interested.",2020-06-27 20:08:02
post,hh0dae,"Verizon is buying Engadget, not its editorial - Engadget - May 2015 [Sure, you're not buying the editorial....]",earthcomedy,1,Telecom-Tech Industry,N/A,2020-06-27 20:01:16
comment,hh0dae,"Commento su: Verizon is buying Engadget, not its editorial - Engadget - May 2015 [Sure, you're not buying the editorial....]",earthcomedy,1,N/A,"Can't trust the major media, and can't trust the specialty (tech) media. And since many people / journalists cut & paste...you must think for yourself!",2020-06-27 20:02:48
post,hfny1c,"Here’s everything AT&T now owns, apart from your soul - BGR - Jun 2018",earthcomedy,1,Telecom-Tech Industry,N/A,2020-06-25 15:22:06
post,hfnxjv,"From Amazon, Apple, Comcast, and AT&T: Who owns the media today - Vox - Jan 2018 [Why you won't ever see the major media criticize, let alone seriously question telecom / wireless radiation. In the past it was advertising dollars....now AT&T owns CNN for example....]",earthcomedy,1,Telecom-Tech Industry,N/A,2020-06-25 15:21:23
post,hf1zm8,"Sub 6GHz, not mmWave, will form the backbone of upcoming 5G networks - Android Authority - Aug 2018",earthcomedy,1,5G Deployment,N/A,2020-06-24 14:29:34
post,hatxtj,Raising LTE to 5G-like levels - Nokia - Nov 2017,earthcomedy,1,5G Deployment,N/A,2020-06-17 15:57:28
post,hatve9,Paving the path to 5G with LTE Advanced Pro - Qualcomm - Apr 2016,earthcomedy,1,5G Deployment,N/A,2020-06-17 15:54:10
post,hatuqa,The evolution of LTE-Advanced: LTE-Advanced Pro - Nokia - Nov 2016,earthcomedy,1,5G Deployment,N/A,2020-06-17 15:53:12
post,hatoqa,On the path to 5G with Nokia 4.5G Pro - Nokia - Nov 2016,earthcomedy,1,5G Deployment,N/A,2020-06-17 15:44:40
post,h7xt8l,"Daily New Cases in Sweden thru June 12, 2020 - hmmm...did 5G turning on trigger a rise in cases?",earthcomedy,1,5G Deployment,N/A,2020-06-13 01:30:37
comment,h7xt8l,"Commento su: Daily New Cases in Sweden thru June 12, 2020 - hmmm...did 5G turning on trigger a rise in cases?",earthcomedy,1,N/A,"[https://www.newsweek.com/sweden-where-no-lockdown-was-ever-implemented-coronavirus-cases-reach-record-high-1510496](https://www.newsweek.com/sweden-where-no-lockdown-was-ever-implemented-coronavirus-cases-reach-record-high-1510496)

&#x200B;

""While European countries like Italy and the United Kingdom were hit  early by the pandemic, **Sweden has largely avoided significant case  spikes until recently.** Swedish health officials so far have not  introduced lockdown restrictions in the country, choosing instead to  recommend quarantines for individuals who experience symptoms or believe  they had been exposed to the virus. ""

&#x200B;

Must account for test time as well...something to meditate on.",2020-06-13 01:31:23
comment,h7xt8l,"Commento su: Daily New Cases in Sweden thru June 12, 2020 - hmmm...did 5G turning on trigger a rise in cases?",earthcomedy,1,N/A,"[https://www.msn.com/en-nz/news/world/sweden-reports-record-high-single-day-increase-in-coronavirus-cases/ar-BB15pxWi](https://www.msn.com/en-nz/news/world/sweden-reports-record-high-single-day-increase-in-coronavirus-cases/ar-BB15pxWi)

&#x200B;

""The Public Health Agency of Sweden on Thursday reported the country's  largest single-day increase in coronavirus cases. The record number of  new cases came just a few days after an earlier high was set on June 4.

The  1,474-case spike reported Thursday is part of a rise in infections seen  across the country since the end of May, before which health officials  had reported steady increases in case numbers since late March.  According to the agency's case tracker, Swedish health officials  reported 49,684 infections and 4,854 deaths by Friday morning.

Karin  Tegmark-Wisell, the director of the agency's Department of  Microbiology, said during a Thursday news conference the increasing case  numbers were the result of expanded efforts to test Swedish residents  throughout the country, including those with mild symptoms.

""It  has been a slow upturn, but now it seems that the effect of increased  testing is becoming ""clear,"" Tegmark-Wisell said, according to a news  conference transcript translated by Reuters.""

.....

more testing, more radiation, or something else?",2020-06-13 01:33:31
post,h0ctmi,"Tele2 has launched Sweden’s first public 5G network - Tele2 - May 2020 [Assumed Sweden already had a 5G network - home of Ericsson - turns out it doesn't until now. Just starting rollout. Top 10 deaths/capita now is 6 / 10 have extensive 5G, 1 - test sites, 2 - strong 4G LTE, 1 - ???]",earthcomedy,1,5G Deployment,N/A,2020-06-10 15:06:26
post,gyhe6c,"Orange starts 5G tests in Paris - Computer Weekly - July 2018 [Originally marked as not having 5G...France does have some test sites upon further investigation. Of top 10 deaths/population - 7 have widespread 5G, 1 - test sites, 1 - no, but fast 4G, 1 - ???]",earthcomedy,2,5G Deployment,N/A,2020-06-07 18:20:09
post,gosbjv,S.893 - 116th Congress (2019-2020): Secure 5G and Beyond Act of 2020 - Congress.gov (USA) - Mar 2020,earthcomedy,1,5G Deployment,N/A,2020-05-22 21:33:17
comment,gosbjv,Commento su: S.893 - 116th Congress (2019-2020): Secure 5G and Beyond Act of 2020 - Congress.gov (USA) - Mar 2020,earthcomedy,1,N/A,"Also posted by isopropylalcohol41

[http://falsificationofhistory.co.uk/by-shannon-and-john/covid-19-the-real-truth/?fbclid=IwAR2DK65IG44OoQTF1H0VLKDX950IFVuEcJhKSL6WJDP4NZm3DCBCWt1O-eI](http://falsificationofhistory.co.uk/by-shannon-and-john/covid-19-the-real-truth/?fbclid=IwAR2DK65IG44OoQTF1H0VLKDX950IFVuEcJhKSL6WJDP4NZm3DCBCWt1O-eI)

&#x200B;

This is a repost to reflect a more accurate title",2020-05-22 21:34:04
post,gom12c,Drones detecting body temperature being used in COVID-19 response - Kiro 7 (USA) - May 2020,earthcomedy,1,Microwaves,N/A,2020-05-22 16:02:12
comment,gom12c,Commento su: Drones detecting body temperature being used in COVID-19 response - Kiro 7 (USA) - May 2020,earthcomedy,1,N/A,"China has been doing this and other places in world, news about this. First I've seen it in my area.

My interest in Reddit is fading as a platform...so not many posts.",2020-05-22 16:03:28
post,girx9a,"71,000 Missing Deaths: Tracking the True Toll of the Coronavirus Outbreak - NY Times - May 12, 2020",earthcomedy,1,COVID-19 Info,N/A,2020-05-13 04:30:35
post,gikjbl,Coronavirus may have been spreading since Wuhan Military Games in October 2019 - Taiwan News - May 2020,earthcomedy,2,Origins,N/A,2020-05-12 21:12:28
post,gi0l2k,Is Your Cell Phone Making You a Jerk? - CNN - Feb 2012 [Of course it does...because the DIGITAL radiation affects HOW you think!],earthcomedy,1,Health Effects,N/A,2020-05-12 00:52:42
post,gc96jf,Antibody Dependent Enhancement in Dengue Infection - Breakthrough Junior Challenge 2018 - Heart Valdez [Related to vaccine being a false hope],earthcomedy,1,COVID-19 Info,N/A,2020-05-02 16:21:51
comment,gc96jf,Commento su: Antibody Dependent Enhancement in Dengue Infection - Breakthrough Junior Challenge 2018 - Heart Valdez [Related to vaccine being a false hope],earthcomedy,1,N/A,"[https://old.reddit.com/r/Covid2019/comments/fah93r/a\_vaccine\_isnt\_coming/](https://old.reddit.com/r/Covid2019/comments/fah93r/a_vaccine_isnt_coming/)

This is  how I learned about this idea. The video - while whimsical and unconventional, is nice.

Earlier / elsewhere stated my disdain for ""10-year olds"" who think they know about EMF from reading a couple of articles then posting about it....well...a ""10-year old, or any age"" can have great ideas / work....it has nothing to do with age / title...but the effort.... this video is a great example!

  
As for how this relates to EMF..more on that later perhaps.",2020-05-02 16:24:45
post,g9dabx,"NYC doctor, 48, commits suicide after telling family about the trauma of coronavirus battle - Dailymail (UK) - Apr 2020 [Wireless radiation exposure makes you more emotionally vulnerable. That's why the current younger generation are often called ""snowflakes."" But affects all ages]",earthcomedy,1,Health Effects,N/A,2020-04-28 00:48:20
post,g86y2b,Ahead of the curve: five other countries winning the battle against coronavirus - SMH - Apr 2020,earthcomedy,1,COVID-19 Info,N/A,2020-04-26 03:05:42
post,g81ml3,"Mount Everest climbers can have luxury tents, gourmet meals and even 5G reception at the summit - Daily Mail - Apr 2020",earthcomedy,1,5G Deployment,N/A,2020-04-25 21:22:23
post,g01y0d,"5G protesters sabotage Dutch phone towers - DW (Germany) - Apr 2020 [Well..you know, when they use the word POSSIBLE health risks, you already know they are clueless or telecom industry influenced]",earthcomedy,2,5G Deployment,N/A,2020-04-12 18:27:47
post,g02emd,"Favorite ""Extreme Weather / Earth Changes"" compilation Youtube channels & Websites [See big picture....]",earthcomedy,1,Microwaves,"If I ever get sophisticated enough with Reddit...I'll make a sidebar with links to post like this.

This is a complete copy of this post in another Reddit. Some links no longer valid.

[https://www.reddit.com/r/collapse/comments/d2087n/favorite\_extreme\_weather\_earth\_changes/](https://www.reddit.com/r/collapse/comments/d2087n/favorite_extreme_weather_earth_changes/)

**Most people look at Coronavirus in a vacuum. Must zoom out to see a much bigger picture.**

This was another early one....**notice I do mention a possible killer flu being #1 issue! (#2 in list - but wrote probably) 7 months ago.**  Will make this a separate post perhaps.

[https://www.reddit.com/r/GlobalWarming/comments/d0btwb/how\_do\_you\_think\_global\_warming\_climate\_change/](https://www.reddit.com/r/GlobalWarming/comments/d0btwb/how_do_you_think_global_warming_climate_change/)

Edit: Don't follow weather as much as I was before...focusing on viruses/ RECENT illnesses - not just COVID-19, but MERS, Sars, Hendra, AIDS, West Nile, etc.....    Just downloaded a bunch of Pangolin videos.  **Those who do not study history -- are doomed to repeat it...**  


Enjoy!  


\----

Below  is a list of resources that I  have used to stay up to date with what  is going on in the world / on our little planet -  weather / earth  change wise.

If there are any that  you use that aren't on the list, comment away and I'll take a look at  it. If you want this maintained - up vote it. Better yet - comment and  I'll reply when I do update it.

Note:   Some of these Youtube channels have a religious tilt (""Modern science""   is a religion in my book too, but I digress) and/or religious content.   It is usually easy to avoid if you wish it. What my religious /   spiritual / overall viewpoint is, is not relevant to this thread - I'll  just say there is parts of the truth all over the place - once you strip  away the lies. I have  donated and continue to give money to some of  these channels.

Lists are in alphabetical order.

**Youtube Channels:**

**Angel of Islam -** [https://www.youtube.com/channel/UCDCQYIFFu5ymwFR87DcSHbg](https://www.youtube.com/channel/UCDCQYIFFu5ymwFR87DcSHbg/featured)

Very   high quality video compilations. More limited focus. Not updated as   frequently. More contributions would probably incentivize author.   Despite the channel name, there is relatively speaking, very little   religion. Sometimes talks about non-weather (war for example).  Hasn't  been updated in a while as of Mid-Sept 2019.

**Disaster Compilations -** [https://www.youtube.com/channel/UCgO6QLLgG0jU70wah\_Myz2w](https://www.youtube.com/channel/UCgO6QLLgG0jU70wah_Myz2w)

Doesn't do *multi-event* compilations, but is updated frequently. Compilations of individual events usually. No $ request. No religion.

**Fobos Planet -** [https://www.youtube.com/channel/UCaJs3QtwUWJ2u\_sdQVBs4XA](https://www.youtube.com/channel/UCaJs3QtwUWJ2u_sdQVBs4XA)

Updated less frequently at times. Well put together. No $ request. No religion.

**Magnum -** [https://www.youtube.com/playlist?list=PLfxR1eXEGVAc2roasspmhcNYFvJNurJEN](https://www.youtube.com/playlist?list=PLfxR1eXEGVAc2roasspmhcNYFvJNurJEN)

This   is a channel that doesn't focus on weather, but they occasionally put   out earth change summary videos. I've linked to the playlist. There   might be others but you would have to search the channel's main video   page.

**Skywatch Media News -** [https://www.youtube.com/user/skymednews/featured](https://www.youtube.com/user/skymednews/featured)

Not   a channel for specific extreme weather clips, but rather unique   perspectives on Earth Changes from a higher level perspective.

**SOTT Monthly Earth Changes -** [https://www.youtube.com/playlist?list=PLyKDWmrDyHH\_DAn7NOO41Ce04W1Cpd0F9](https://www.youtube.com/playlist?list=PLyKDWmrDyHH_DAn7NOO41Ce04W1Cpd0F9)

Great   presentation style. Monthly uploads...that go DAY by DAY and show   extreme weather events. They tend NOT to cover heat waves that well (or  at all) -  few do - not very spectacular. They do show wildfires though.  They have  done fireballs/meteors very well. The day indicator is great  for  historical research purposes. No religion.

**Times & Signs News -** [https://www.youtube.com/user/firedawn2u/videos](https://www.youtube.com/user/firedawn2u/videos)

Flat   out the best channel for up to the day / last few days strange /   extreme weather. Bible verses mixed in at times, and some non-weather   (As Two Preachers as well)...but if you disagree, don't throw the baby   out with the bath water! Everybody knows something...but our emotional   blindness, blinds us to learning from others who may differ on some of   our own strongly held opinions / viewpoints. This channel kind of came   out of nowhere if you look at their earlier videos - which seemingly   have nothing to do with weather reporting. No $ request.

**Two Preachers** \- [https://www.youtube.com/user/TheTwoPreachers](https://www.youtube.com/user/TheTwoPreachers)

This   is one of the first ones I came across as I realized our weather was   changing much faster in 2018. These guys are VERY prolific. It along   with some other channels helped open my eyes to what is really going on   around the world. Stuff mainstream news sources either A) Don't talk   about - ignore, B) Don't know about, C) Only briefly mention and/or   buried among an avalanche of other worthless gossip, etc...   and   mainstream news sources -- don't understand the big picture, never mind   the details. Mainstream news is also beholden to their advertisers.   Local news of course, is more focused on local - not global. The time   format of daily TV news is not suitable to stuff like you see in this   post.

They also talk about their   bible mission a lot, but it is easy to skip that. Other than that, they   keep talk about bible/religion to a relative minimum. Most recent  videos  DO NOT include mass animal deaths.

*Notable Two Preachers videos -*

Mass Animal Deaths compilation 2008-2015 (3 hours!) - [https://www.youtube.com/watch?v=iK9xqzrjC0g](https://www.youtube.com/watch?v=iK9xqzrjC0g)

Terrifying Sinkhole Compilation (2014) - [https://www.youtube.com/watch?v=yZkqNHGu4ys](https://www.youtube.com/watch?v=yZkqNHGu4ys)

Worldwide Compilations - 2015-2017 - [https://www.youtube.com/playlist?list=PLQQJEuGHoKRVXBcND8sRP-c8akq9KtArJ](https://www.youtube.com/playlist?list=PLQQJEuGHoKRVXBcND8sRP-c8akq9KtArJ)

More compilations 2016-2017 - [https://www.youtube.com/playlist?list=PL44P8b5Aj7soJa0Fcjwf71uzO-d\_jYLUA](https://www.youtube.com/playlist?list=PL44P8b5Aj7soJa0Fcjwf71uzO-d_jYLUA)

Massive Compilation 2015 (3 hours) - [https://www.youtube.com/watch?v=v86oNhaX3Hk](https://www.youtube.com/watch?v=v86oNhaX3Hk)

**World of Signs -** [https://www.youtube.com/channel/UC2vfhm1DVuJz\_TIIxN-\_oOg](https://www.youtube.com/channel/UC2vfhm1DVuJz_TIIxN-_oOg)

This   is also one of the first channels I came across that helped to open my   eyes. Due to lack of financial support it seems that it might not be   updated any more. \[2 new videos recently posted as of 8/21!\] I did   contribute about $30 in 2019 to the author. But...one might still find   it insightful to watch the older ones from 2018/2019. Has different   music on videos and shows just enough of various events. Dates included.   No religion. No voice over - I like the format of this channel, which   is why I gave $.

**World of Signs - Nared King (Not related to above) -** [https://www.youtube.com/channel/UCVcbwAofetjiPquuLF2Zdxw](https://www.youtube.com/channel/UCVcbwAofetjiPquuLF2Zdxw)

Not updated super/hyper frequently, but often enough.

\-------

Others to add / comment on later - MrBBB333, Dutchsinse, Last Messages, Ice Age Farmer, others...

\-------

**Websites:**

**Ice Age Farmer Crop Loss Map -** [http://iceagefarmer.com/map/](http://iceagefarmer.com/map/)

Great resource. Not sure if there is something else like it on the web. Surely...doesn't include ""everything""

**Mass Animal Deaths** (End Times Prophecy site) - [http://end-times-prophecy.org/animal-deaths-birds-fish-end-times.html](http://end-times-prophecy.org/animal-deaths-birds-fish-end-times.html)

Hands   down, the best compilation of mass animal deaths -- since 2011. I have   contributed a few dozen news stories myself...but that is a drop in  the  bucket compared to what the author has been able to compile - his  own  efforts and several others.

**SOTT - Earth Changes -** [https://www.sott.net/category/4-Earth-Changes](https://www.sott.net/category/4-Earth-Changes)

If  their monthly videos aren't enough for you - check out their news  stories. Has content that isn't in their videos necessarily.

**Strange Sounds -** [**https://strangesounds.org/**](https://strangesounds.org/)

Started   out with reports / videos re: strange atmospheric sounds. But covers   all sorts of earth changes. Some I don't think are particularly   noteworthy / relevant - but who am I to judge. Needless to say, I enjoy   checking this site every once in awhile. Once every 2 weeks or so  sounds  right. Inquiring minds will surely find a few articles of  interest  every time.

**Watchers -** [**https://watchers.news/**](https://watchers.news/)

Nice   earth change focused website.  Won't have  every event / story, but no  one has it all - really...things are moving  quickly. Like the clean  format / presentation.

\----

And there are other ""collapse"" related things happening that are non-weather related....but that is not for this thread.",2020-04-12 18:53:47
post,fzfkl6,"Sense of humor an early casualty of Alzheimer's disease | CBS News (USA) - Nov 2015 [A lot more people take themselves way too seriously these days...and have lost their sense of humor....too much seriousness, like about death for example. Alzheimers is linked to digital radiation...]",earthcomedy,1,Health Effects,N/A,2020-04-11 19:25:11
comment,fzfkl6,"Commento su: Sense of humor an early casualty of Alzheimer's disease | CBS News (USA) - Nov 2015 [A lot more people take themselves way too seriously these days...and have lost their sense of humor....too much seriousness, like about death for example. Alzheimers is linked to digital radiation...]",earthcomedy,1,N/A,"clarification, not just DIGITAL...but all microwave radiation. Analog included.",2020-04-12 17:03:41
post,fzfhpq,Controversial Reddit communities - Wikipedia [Shows many deleted subReddits],earthcomedy,1,N/A,N/A,2020-04-11 19:23:21
post,fyhc2w,"Definition of MATERIALISM - Merriam Webster [Pretty much all world news is secular / materialistic based. This often frames how we talk about things, even though there are other (hidden) aspects to stories]",earthcomedy,1,Health+,N/A,2020-04-10 14:57:58
comment,fyhc2w,"Commento su: Definition of MATERIALISM - Merriam Webster [Pretty much all world news is secular / materialistic based. This often frames how we talk about things, even though there are other (hidden) aspects to stories]",earthcomedy,1,N/A,"...and frankly...I find it a bit boring after awhile.

Media obsesses over material based facts.   Tools and gadgets and chemical drugs. Physical actions - lockdown, deaths.  I can certainly navigate that realm, but there are other aspects.  I'm not a spiritual person per se - though people might label me as such. I have no religion - but certain people might label me as such, if they didn't ask enough questions.

Certain things in religion I have found to be true.  Many lies have been told in religion, these lies have carried forward to today.

There are things I could talk about that some would consider spiritual, when in fact they are more material.

People fear the unknown. Most have not done serious due diligence. Shallow investigations.

Perhaps this kind of ""talk"" is better left for another Reddit and shouldn't be mixed with a Reddit labeled COVID19\_5G. Maybe I should create a COVID19\_Spiritual, or something like that. Maybe I will.  But, that wouldn't be accurate, because whether one dies of COVID19 or anything else, these are universal themes.

Since I see myself sitting in the middle of material-spiritual spectrum, it isn't always agreeable for me to exclude one over the other for very long.

And the most important fact:

My interest / knowledge / ""expertise"" of wireless radiation related things is based off a deeply ""spiritual"" aspect of our existence.  Of my existence. Since there are so few members in here, I may talk about this.

While this is largely for my organization purposes, if there is no feedback, I may just stop posting in here and go make an entirely private Reddit, using Reddit just as a tool, not as an anonymous social network.

Well..got other commitments too...so there won't be posts in here for longer stretches....which is one reason I didn't want to deal with having to fend off wireless apologists - which I saw was increasing.

Maybe will change this Reddit to RESTRICTED, rather than private. Maybe let it be public again sooner (Eat crow of my own words)...not sure. And just weather whatever storm or possible deletion. I'll have to be less ""sensitive"" to trolls....  we'll see.

On the other hand, I don't like giving away knowledge/analysis for free w/o acknowledgement - unless I am mentally engaged. At least right now.

That's the problem with an **anonymous** internet, there is limited ""fulfillment.""

Yet, I don't have an in-person social network with the same interests / enough interest in wireless radiation neither.  Aie....",2020-04-10 15:04:17
post,fy7pka,"If you think DIGITAL radiation is harmful - then many more will die over the coming years (all ""causes"") - talk about your understanding of DEATH here.",earthcomedy,1,Life & Death,N/A,2020-04-10 03:50:46
post,fy69th,"80% NYC COVID-19 ventilator patients die, doctors want to stop using - Business Insider - Apr 2020 [Mirrors 66% figure from UK - NHS]",earthcomedy,1,COVID-19 Info,N/A,2020-04-10 02:25:49
post,fy3w6f,International Actions to Halt and Delay 5G blog - EH Trust [Lots more than what I thought...],earthcomedy,1,5G Deployment,N/A,2020-04-10 00:14:58
comment,fy3w6f,Commento su: International Actions to Halt and Delay 5G blog - EH Trust [Lots more than what I thought...],earthcomedy,1,N/A,Hmm...prohibition in Switzerland which I had marked as a high 5G nation. Will have to look at that again.,2020-04-10 00:17:21
post,fy3ofo,Saudi Arabia ranks third globally in deployment of 5G technology: Ministry | Al Arabiya - Feb 2020,earthcomedy,1,5G - Middle East,[https://english.alarabiya.net/en/business/technology/2020/02/23/Saudi-Arabia-ranks-third-globally-in-deployment-of-5G-technology-Ministry](https://english.alarabiya.net/en/business/technology/2020/02/23/Saudi-Arabia-ranks-third-globally-in-deployment-of-5G-technology-Ministry),2020-04-10 00:01:54
post,fxwgud,Iran finishes preparations to launch 5G internet: Minister - MSN - Feb 2020,earthcomedy,1,5G - Middle East,N/A,2020-04-09 17:19:45
comment,fxwgud,Commento su: Iran finishes preparations to launch 5G internet: Minister - MSN - Feb 2020,earthcomedy,1,N/A,"""Despite facing a harsh regime of American economic sanctions, Iran  has made huge strides in expanding the coverage of the fourth-generation  of fast internet services, known as 4G, to almost all cities, towns and  villages across the country.  


Current  government data shows nearly 70 million people, including the  population in 1,242 Iranian cities as well as 80 percent of villages  with over 20 households, have access to broadband services offered by  three mobile operators.

That figure was about  300,000 in 2013 when the current administrative government led by  President Hassan Rouhani came to office, said Jahromi on Thursday.""

\----

So we see how Iran was affected, with just 4G. How will they fare when 5G comes online?

All those media stories oversimplify.  5G could be the original cause of COVID-19, but it is not the determinant of death.",2020-04-09 17:21:54
post,fxvufw,The Future - April 2020 edition,earthcomedy,1,Philosophy - Life,"Predictions are fraught with errors, mistakes, hubris, and being unable to predict the unpredictable, etc... Black swan events - like COVID-19, Wuhan Flu.

Most all of us, I imagine, have made the mistake of prognosticating - our own lives (Just think of all the marriages that (relatively quickly) end in divorce OR disharmony), lives of others, or general conditions.  I certainly have - but mine is more rooted in exploring the (really) unknown.   But I feel like writing what I see from here on out - say for the next 5 years. Then 10 years.

\[For the record, I was on board with 2012, from 2006, until 2011/early 2012 - that's a really long story. While nothing happened (Or did it? You just don't know about it...yet)....it is interesting to note...ever since \~2012, things have been falling apart real fast....see weather,""natural disasters,"" mass animal deaths - list starts in 2011, ecosystem collapse, society stratification (social pyramid getting steeper) and now we have our present situation with a virus pandemic\]

\[In time we'll learn how this timing is specifically related to wireless radiation as well. Well...I've already learned the basics...\]

There are authors & organizations who do this for a living.  None of them factor in wireless radiation - as far as I know. But then, I'm not studying people who predict / forecast the future. Maybe you have, so chime in.

Here is what I see. Better to not have too many, if any, hard predictions / thoughts - if one can avoid it. But I have some:

&#x200B;

* Wireless / microwave radiation continues to increase exponentially - 5G, 6G? (5+ years out) and from space. \[Not hard to predict this one\]

&#x200B;

* Dependence on technology continues to increase - more wireless gadgets, ""smart"" anything - cars, appliances, gadgets, cities, infrastructure (Smart Meters, Smart Hospitals) etc...

\[In the end...nearly everything that is identified as SMART - will be dumb. But that's another story. Including people.\]

&#x200B;

* Natural ecosystems will continue their collapse (See MASS ANIMAL DEATHS posts)

&#x200B;

* Weather will become even more chaotic due to wireless radiation.  Haven't written much about this...and I don't plan to here. But visit [WATCHERS.NEWS](https://WATCHERS.NEWS) for a taste.  Maybe I will link in a Reddit post I made 6 months ago with weather resources.  Also visit [SOTT.NET](https://SOTT.NET) \- Earth Changes section. SOTT has decent monthly videos.

Those are I am very comfortable stating for both the 5 year and 10 year time frame. In fact, I'll say those are HARD predictions.  Now come the SOFT ones, and these are all related to the current virus pandemic.

&#x200B;

* Will be seasonal more/less - in the next few years (2-3?). Seasonality depends on where you live. Northern vs Southern Hemisphere.

&#x200B;

* This seasonality will not be hard - it will become less so as more radiation rolls out and exposure time has increased. When the crossing point is, I don't know. It will vary by area. As 5G rollout varies by area/country.

&#x200B;

* Those who think they have immunity will succumb - as their systems weaken due to radiation exposure.

&#x200B;

* There could possibly be another (new) virus that springs up somewhere. That could be as virulent.

&#x200B;

* Many millions will die every year - above and beyond the 60 million who die every year (of other non Wuhan Flu / COVID-19 causes, including regular flu - which will also increase in fatality rate).

&#x200B;

* In 2020 - deaths will be tame/minimal relatively speaking. Deaths will ramp up in 2021 or 2022

&#x200B;

* A vaccine is HOPIUM

&#x200B;

How society reacts...to this many deaths, I don't know and don't care to prognosticate.  How this affects food production, etc....let me not talk about that.

&#x200B;

When is the ""good news"" - more on that later. Just my first pass.",2020-04-09 16:46:43
comment,fxvufw,Commento su: The Future - April 2020 edition,earthcomedy,1,N/A,"Will try to do this quarterly....add-on, re-evaluate.",2020-04-09 17:03:21
post,fxlthn,A Timeline of HIV and AIDS - hiv.gov,earthcomedy,1,Health Effects,N/A,2020-04-09 04:29:06
comment,fxlthn,Commento su: A Timeline of HIV and AIDS - hiv.gov,earthcomedy,1,N/A,Was a young puppy dog when HIV emerged....but let me take another look at it with my newfound knowledge of EMF....and in relation to Coronavirus  / COVID-19,2020-04-09 04:30:41
comment,fxlthn,Commento su: A Timeline of HIV and AIDS - hiv.gov,earthcomedy,1,N/A,"Don't know.  Is the answer to all these questions....no research has been done...

Is there a correlation between the introduction of the Microwave Oven and prevalence of HIV? Microwave radiation that leaks from MW ovens.

Is there a connection between eating Microwave Food and being susceptible to HIV? Not causing, but being susceptible.

These are ANALOG waves....

Where did the Coronavirus HIV link come from? Wuhan lab? Or something re: analog / microwave radiation?",2020-04-10 02:22:37
post,fxlt23,"Latest Coronavirus Research Reveals That The Virus Has Mutated Gene Similar To HIV and Is 1,000 Times More Potent | Thailand Medical News - Feb 2020 [Hmmm...HIV 1981 emergence....]",earthcomedy,1,Health Effects,N/A,2020-04-09 04:28:09
post,fxiacw,Patrick Ekeng from Dinamo Bucharest (pro soccer / football) collapsed and died on the pitch after a heart attack - May 2016 [Speaking of people collapsing from COVID-19.....sudden cardiac arrest...used to not be common...until....can you guess?],earthcomedy,2,Health Effects,N/A,2020-04-09 00:26:48
comment,fxiacw,Commento su: Patrick Ekeng from Dinamo Bucharest (pro soccer / football) collapsed and died on the pitch after a heart attack - May 2016 [Speaking of people collapsing from COVID-19.....sudden cardiac arrest...used to not be common...until....can you guess?],earthcomedy,1,N/A,"[https://en.wikipedia.org/wiki/Sudden\_cardiac\_death\_of\_athletes](https://en.wikipedia.org/wiki/Sudden_cardiac_death_of_athletes)

Check out the wiki and look at the years for yourself.  See when the ""trend"" increased...

102 names on the bottom of the list. < 30 died before mid 1990s.

Of course...this could be down to record keeping and reporting, etc...what do you think? Check out Invisible Rainbow book to learn more.

While DIGITAL radiation started in mid 1990s....analog radiation has been present for much longer. Nevermind electric fields...

Note: The list doesn't even have the most memorable name I remember...Florence Griffith Joyner

[https://www.earnthenecklace.com/flojos-cause-of-death-how-did-florence-joyner-die/](https://www.earnthenecklace.com/flojos-cause-of-death-how-did-florence-joyner-die/)

Just reading her bio...says her father was an ELECTRICAL technician....we transfer energy to each other by touch....

""On September 21, 1998, Joyner died after suffering a heart seizure in  her home in Mission Viejo, California. She was 38 at the time and was  survived by her husband and daughter. Two years before, she had a  seizure on a plane but the family said very little about the incident.""

Speaking of ENERGY TRANSFER...have a theory about this virus re: that. More on that later perhaps.",2020-04-09 00:27:09
post,fxlf42,The History of a Microwave Oven - kenalexander2016 - Timetoast timeline,earthcomedy,1,Microwaves,N/A,2020-04-09 03:59:55
comment,fxlf42,Commento su: The History of a Microwave Oven - kenalexander2016 - Timetoast timeline,earthcomedy,1,N/A,"Should be - The History of THE Microwave Oven.

But, I preserved the original title as I found it.",2020-04-09 04:00:22
post,fxlcsu,(West Nile) Virus Crisis | National Geographic - 2009 [West Nile emerged in 1999. Hmmm.....],earthcomedy,1,Health Effects,N/A,2020-04-09 03:55:06
post,fxfeg7,"Linda Tripp, the Clinton sex scandal whisteblower, dies of pancreatic cancer at age 70 'after being diagnosed with pancreatic cancer less than a WEEK ago' - Dailymail (UK) - Apr 2020 [Example of *probable* caffeine effect]",earthcomedy,2,Health Effects,N/A,2020-04-08 21:34:40
comment,fxfeg7,"Commento su: Linda Tripp, the Clinton sex scandal whisteblower, dies of pancreatic cancer at age 70 'after being diagnosed with pancreatic cancer less than a WEEK ago' - Dailymail (UK) - Apr 2020 [Example of *probable* caffeine effect]",earthcomedy,1,N/A,"This could be a story about anyone, and it's repeated everyday many times all over the world.  
A surprise diagnosis.  


Caffeine is a pain-reliever. \[look at ingredient list at your local grocery/drugstore for aspirin - which might have it listed\]  It desensitizes us to the pain signals that our body sends out.  If she had felt the pain when it was much less, she may have been able to adjust her routine or identified another problem to fix.

Like wireless radiation....or other EMF exposure.

How to get off caffeine...that is another story.",2020-04-08 21:38:22
comment,fxfeg7,"Commento su: Linda Tripp, the Clinton sex scandal whisteblower, dies of pancreatic cancer at age 70 'after being diagnosed with pancreatic cancer less than a WEEK ago' - Dailymail (UK) - Apr 2020 [Example of *probable* caffeine effect]",earthcomedy,1,N/A,Or alcohol or marijuana. Keep forgetting to mention those two...because don't use either. Still drink a little caffeine...but mostly gone....like 95-98% gone.,2020-04-09 00:22:37
post,fxizxf,Documentary (1st?) - Tracking Down the Origin of the Wuhan Coronavirus - NTD (China) - Apr 2020,earthcomedy,1,Documentary,N/A,2020-04-09 01:13:10
post,fxb0nj,"Book - How to Win Friends & Influence People - Dale Carnegie [One of the most deceitful books in history...still a top seller on Amazon, 80 years later. 30 million+ copies sold. Promotes (artificial) positivity while minimizing negatives. Author's real last name is Car-na-GEY.]",earthcomedy,1,Book,N/A,2020-04-08 17:43:11
comment,fxb0nj,"Commento su: Book - How to Win Friends & Influence People - Dale Carnegie [One of the most deceitful books in history...still a top seller on Amazon, 80 years later. 30 million+ copies sold. Promotes (artificial) positivity while minimizing negatives. Author's real last name is Car-na-GEY.]",earthcomedy,1,N/A,"Dale changed his name to piggyback on the life of Andrew Carnegie.  A very different person.

Deceitful...",2020-04-09 00:36:24
comment,fxb0nj,"Commento su: Book - How to Win Friends & Influence People - Dale Carnegie [One of the most deceitful books in history...still a top seller on Amazon, 80 years later. 30 million+ copies sold. Promotes (artificial) positivity while minimizing negatives. Author's real last name is Car-na-GEY.]",earthcomedy,1,N/A,"Ties in with marketing in general. Also artificial positivity about technology, progress, etc...",2020-04-09 04:43:16
post,fx9vtw,5G technology rollout gains momentum in QLD (Queensland) - Nine News Australia - Mar 2020 [Nice maps showing spread in a couple areas],earthcomedy,1,5G - South Pacific,N/A,2020-04-08 16:43:14
post,fx0rto,COVID-19 Warning: Being Overweight Or Obese Ups Your Risk Of Dying From Coronavirus - International Business Times - Mar 2020,earthcomedy,1,COVID-19 Info,N/A,2020-04-08 05:50:40
post,fx0fgu,"By 2020 the Smart Hospital will be a reality - Philips [Wow, just in time!]",earthcomedy,1,Microwaves,N/A,2020-04-08 05:22:52
post,fwzuko,Coronavirus - Things You CANNOT Say About It -- Sott.net [Just more perspective with media hysteria in mind],earthcomedy,1,COVID-19 Info,N/A,2020-04-08 04:38:00
post,fwzt9c,Perspective --> Number of deaths / year: ~60 million / year in the world,earthcomedy,1,Life & Death,N/A,2020-04-08 04:35:08
post,fwziwn,Coronavirus outbreak in Wuhan: Did China downplay it? - Vox - Jan 2020 [Nice link to an early Lancet study],earthcomedy,1,Origins,N/A,2020-04-08 04:13:19
post,fwyikh,The Irony of Scandinavia - Finland (Nokia) and Sweden (Ericsson) are near the top for honesty / truth - Transparency International,earthcomedy,1,Philosophy - Life,N/A,2020-04-08 03:01:21
comment,fwyikh,Commento su: The Irony of Scandinavia - Finland (Nokia) and Sweden (Ericsson) are near the top for honesty / truth - Transparency International,earthcomedy,1,N/A,"The link above goes to Transparency International which ranks all the countries of the world by honesty. Scandinavian countries are always in the top 10 - all of them.

So, the interesting thing is that 2 of 4 mainland Europe Scandinavian countries are home to two of the largest three telco equipment providers - Nokia and Ericsson.

So..are they lying and being deceitful, or do they truly not know what they are doing re: health?

My opinion is that some know the danger and go along with the charade - for $$, but the majority really are clueless / brainwashed. Interesting to note - that Swedes and Finns do drink a lot of coffee/caffeine in Sweden and Finland....caffeine is a pain-reliever.

[https://www.caffeineinformer.com/caffeine-what-the-world-drinks](https://www.caffeineinformer.com/caffeine-what-the-world-drinks)

We grow through suffering...and they will have to suffer too....

&#x200B;

Post your thoughts...",2020-04-08 03:08:55
post,fwrbl4,Facebook taking 'aggressive steps' to quash 5G conspiracy theories - Android Central - Apr 2020,earthcomedy,1,Telecom-Tech Industry,N/A,2020-04-07 19:50:45
comment,fwrbl4,Commento su: Facebook taking 'aggressive steps' to quash 5G conspiracy theories - Android Central - Apr 2020,earthcomedy,1,N/A,"Last time I had an active Facebook account - 2008-2010 I think. Then I unfriended and deleted the account. Had another account with no friends to just look at something a few years later. Not sure if that is still there.

Over-emphasis on SELF. Self-glorification....",2020-04-07 19:51:54
post,fwr4yq,"Hydra Greek Monster: Fearsome Multi-Headed Dragon That Inhabited Swamps Of Lerna - Ancient Pages [Representation of telecom-tech industry, of tech is always good ideology]",earthcomedy,1,Philosophy - Life,N/A,2020-04-07 19:41:07
post,fwqe02,Search terms - 5G COVID-19 - Google News,earthcomedy,1,COVID-19 Info,N/A,2020-04-07 19:01:50
comment,fwqe02,Commento su: Search terms - 5G COVID-19 - Google News,earthcomedy,1,N/A,"Can also vary:

5G Coronavirus

or whatever...plenty of articles (Mostly cut & paste jobs)...

If you find a nice set of search terms...post it.

As I stated elsewhere and will post about - never face a multi-headed hydra head on! Hahahahahahaha....a little bit of Greek mythology.

The hydra is all the tech companies, telecom companies, blind followers, deceived followers, people who make a lot of $$ off it, people who have a lot of $$ due to this, people who've staked their reputations on it - doctors / engineers / etc...",2020-04-07 19:05:11
comment,fwqe02,Commento su: Search terms - 5G COVID-19 - Google News,earthcomedy,1,N/A,"wacky, conspiracy, idiotic, dumb....

people who name call and label, rather investigate.",2020-04-07 19:06:32
post,fwnrev,COVID19-5G Reddit is now Private.,earthcomedy,1,N/A,"There are only 5 approved users, apart from moderators.  All have posted/commented before.

Ignore the members number - that's pre-private.  So, when this is made un-private, in a number of years, those people would see new posts again / have access to view.  Don't understand how there can be more online than there are members. People who've left a tab open? Don't know.  The online # has always been weird. Bots?

Going forward will only approve users I know personally, or those by direct message (Mostly outside of Reddit) who are not blind.

Expect this to be private for a number of years.

Again...as I was posting, I realized this was more for my organizational benefit than others at the moment...from my perspective.  But if you've been approved your post/comments were helpful / insightful / questioning.

No mean-spirited folks, no dorks, assholes, digitally sick wireless ""zombies,"" 10 year olds who read a few articles and think they know something, computer science/engineers/doctors, etc.. who think they are much smarter than they actually are.

Will probably have more philosophy-life stuff in here. And slowly..more health stuff.  And more ""tangents."" We'll see.

And for the record:

Not atheist, have no religion, but some things in religion are true.   Probably will have posts re: death and life in here too.",2020-04-07 16:41:38
post,fwdxb8,"Amazon donates 8,200 laptops to elementary school students in Seattle - Q13 Fox (USA) - Apr 2020 [All the positive PR, from companies like Amazon, hides a darker truth]",earthcomedy,1,Telecom-Tech Industry,N/A,2020-04-07 04:21:51
post,fwbfeg,How coronavirus mutations can track its spreadâ -- and disprove conspiracies - National Geographic - Mar 2020,earthcomedy,1,COVID-19 Info,N/A,2020-04-07 01:31:35
post,fw37p8,YouTube will remove videos falsely linking COVID-19 to 5G - Engadget,earthcomedy,1,Telecom-Tech Industry,N/A,2020-04-06 17:42:55
comment,fw37p8,Commento su: YouTube will remove videos falsely linking COVID-19 to 5G - Engadget,None,1,N/A,"How is YouTube gonna know if the video links it falsely or correctly?

What does youtube know that they're not telling us?",2020-04-07 18:00:05
comment,fw37p8,Commento su: YouTube will remove videos falsely linking COVID-19 to 5G - Engadget,earthcomedy,1,N/A,[https://telecoms.com/503608/youtube-changes-rules-to-ban-5g-conspiracy-talk-from-platform/](https://telecoms.com/503608/youtube-changes-rules-to-ban-5g-conspiracy-talk-from-platform/),2020-04-07 19:50:09
comment,fw37p8,Commento su: YouTube will remove videos falsely linking COVID-19 to 5G - Engadget,earthcomedy,1,N/A,"They did remove a Dana Ashlie video. 

[https://www.reddit.com/r/COVID19\_5G/comments/fhmv7p/the\_best\_news\_re\_c%CE%BFr%CE%BFn%CE%B1\_v%CE%B9rus\_youve\_heard\_all/](https://www.reddit.com/r/COVID19_5G/comments/fhmv7p/the_best_news_re_c%CE%BFr%CE%BFn%CE%B1_v%CE%B9rus_youve_heard_all/)

Now...the video is inaccurate..re: frequencies. That is a given.  

But then..so is the entire telecom story...being inaccurate. So.....tech companies/individuals are afraid? ???   

And many other inaccurate stories re: all sorts of stuff...why don't they pass judgement and take those down?

Hmmm.....

Now...I have participated in a Reddit re: Coronavirus that got quarantined. But it still exists.  Wuhan\_Flu -- which has become a free for all of late.

How far would Reddit go to quash 5G-Coronavirus. Would they entirely delete a Reddit?  Not even quarantine? Don't know.

In the END it doesn't matter...but that end is still a decade-2 decades away.

Many duplicates stories re: this

[https://news.google.com/stories/CAAqOQgKIjNDQklTSURvSmMzUnZjbmt0TXpZd1NoTUtFUWlEcUptOWo0QU1FZjhJeG9TM3pNQU5LQUFQAQ?hl=en-US&gl=US&ceid=US%3Aen](https://news.google.com/stories/CAAqOQgKIjNDQklTSURvSmMzUnZjbmt0TXpZd1NoTUtFUWlEcUptOWo0QU1FZjhJeG9TM3pNQU5LQUFQAQ?hl=en-US&gl=US&ceid=US%3Aen)

Better to remain private for now. Maybe the few who are here will feel more comfortable talking too. I'll feel freer to talk too....",2020-04-07 18:18:24
comment,fw37p8,Commento su: YouTube will remove videos falsely linking COVID-19 to 5G - Engadget,None,1,N/A,"Thank you for the invitation. I prefer sitting at the adults table when talking about such serious material.
There has been a hidden war going on for a long time between the patriots and the globalists. The globalists have planned for China to take over the hyperpower role the US had after the fall of the UDSSR. It would have already happened, but Trump's economic policies have improved the quality of life and economic outlook so much that they needed to pull the emergency brake. Through smart investments in US companies(including Reddit), ports of entry and political figures/parties the CCP has leveraged their power to gain global influence and weakened the US. There is a good reason for Trump not wanting to do business with Huawei. They have, with stolen and bought technology, managed to insert counterfeit electrical components into the US military supply chains. This is relevant with regard to the ""accidents"" in which US Navy ships were involved. I suspect the radar systems of the ships involved were spoofed as a warning signal to Trump to get him to back down. 5G technology can be turned into a precisely directable weapons system with a flick of the switch. If our government as a whole could be trusted, the system would be great because it would be directed only at an invading Army. It's pretty obvious that the swamp isn't entirely drained yet. Putting out half-baked information is an old subversion tactic to break the trust and resolve between allies and I see it happening on reddit. A lot of people that don't know what they're talking about, but talking with a loud voice and ridiculing any opposition to their opinions. Sometimes there are also people that are informed, but inform you just up to a certain level and try to convince you to come to the wrong conclusion based on bogus arguments. This is the feeling I got when I listened and saw Dr. Fauci and Dr. Birx during the press conferences. Dr. Shiva is a very intelligent and wise man who is running for Elizabeth Warren's senate seat this year. He explained how Fauci had used his influence to massage the bottom line for big pharma during the ""aids crisis"". I currently live in the EU and I noticed how illogical the politics is moving here. They are using tactics to stifle dissent, make everyone dependent on the government and to snitch on their neighbors and colleagues. The brainwashing is so refined that it works. Noone wants to hear a dissenting opinion because they're already stressed enough. I know things will get rough very soon, but knowledge is power and I want to share it to empower others to research and come to their own conclusions. That's the least we can all do now that the distractions like sports, concerts and other recreational activities are gone. We owe it to our kids to create a world that gives them the best opportunity to pursue life, liberty and happiness successfully.",2020-04-07 21:42:10
comment,fw37p8,Commento su: YouTube will remove videos falsely linking COVID-19 to 5G - Engadget,earthcomedy,1,N/A,"THanks for what u wrote. It appears as a big single blob...run on paragraph. If you could format it, it would be easier to read!",2020-04-08 02:43:10
comment,fw37p8,Commento su: YouTube will remove videos falsely linking COVID-19 to 5G - Engadget,None,1,N/A,"Guilty as charged.
Excuse me please.
I wrote quite a while on it and wanted to get off the keyboard.",2020-04-08 18:30:59
comment,fw37p8,Commento su: YouTube will remove videos falsely linking COVID-19 to 5G - Engadget,earthcomedy,1,N/A,"happens to everyone!

Get some sun! Vitamin D! (And other unidentified reactions) UV virus killing light!

Oh wait... i committed a faux pas. UV is evil. The sun is evil. Must block....must listen to corporations and doctors who say sun is harmful.    :)",2020-04-08 21:11:50
comment,fw37p8,Commento su: YouTube will remove videos falsely linking COVID-19 to 5G - Engadget,None,1,N/A,I've laughed so often at the thought of getting a cushy office job and then paying a gym membership to do wasted physical work to balance it out.,2020-04-08 22:25:05
comment,fw37p8,Commento su: YouTube will remove videos falsely linking COVID-19 to 5G - Engadget,earthcomedy,1,N/A,"I've had a cushy office job before - and the gym membership. That was me! Unfortunately I still have an indoor job (p/t)...though its a little more on the labor part, but not exactly. What line of work are you in?

Gym / many outdoor sports = not healthy in long run....but that is really
another story...

But..yes it is an irony.",2020-04-08 23:41:31
post,fvrbj0,Down vote a post if you like it. Down vote a post if you don't like it.,earthcomedy,0,Philosophy - Life,"Do this sub a favor and DOWN VOTE every single post to zero, if it isn't already. I just down voted all the posts.   If all the posts are 0, that's great!

I really do not like that Reddit doesn't have an option to remove the voting feature. It is prone to manipulation or inaccuracy - due to emotional anger / crybabies. All the stories that I post / are tolerated in here are worth looking at.  No favorites. You can judge based on accurate titles, flairs, not # of votes - which should not matter.

The future, in my view, is not a popularity contest. It is based on humility, knowledge, real-world experience, and knowing ourselves. More on that, in the future.  But you can get practice by purging this idea of up voting / down voting.

Besides, if you are in here, you are a contrarian. More viewing things in a negative light (especially technology) / critical thinking is better - when there's too much THINK POSITIVE - in the world!

By the way - Dale Car-na-GEY, author of How to Win Friends & ~~Influence~~ Deceive People,  is a major deceiver, inauthentic,  and a bastard. More on that later in a separate post.

When things are more neutral, then we can lift our feet off the ""negative gas pedal.""

DOWN VOTE AWAY!",2020-04-06 03:26:44
post,fvic2c,"Did Animals Sense Tsunami Was Coming? - National Geographic - Jan 2005 [Now, do they teach us something in their death?]",earthcomedy,0,Natural World,N/A,2020-04-05 18:14:09
post,fvg4wk,SHOCKING!!! Worldwide Mass Animal Deaths 2008 - 2015 End Times Signs - Two Preachers [3 hr video. Nearly zero religious talk - if that bothers you.],earthcomedy,0,Natural World,N/A,2020-04-05 16:06:06
post,fvfzl3,Mass Animal Deaths 2011-2020 - Updated List of Worldwide Die Offs - End Times Prophecy,earthcomedy,0,Natural World,N/A,2020-04-05 15:57:59
comment,fvfzl3,Commento su: Mass Animal Deaths 2011-2020 - Updated List of Worldwide Die Offs - End Times Prophecy,earthcomedy,1,N/A,"Useful lists...most people are COMPLETELY IGNORANT about this. Most people DO NOT CARE. Take the religious angle, however you like, but the lists are impressive. Oh...I've contributed at least 50-75 of the stories in the past couple of years.

You can't understand the world unless you know what is actually going on.

Useful for studying bird flu, bats/birds dropping out of the sky.

Will post another video shortly.

Most people talk too much...not enough observation. Or too specialized observation.",2020-04-05 16:00:17
post,fv7c89,"Flu deaths in England and Wales, 1850-1940 - from book: Epidemiology of Influenza [The flu used to be uncommon / unheard of / not exist, and for many years (in UK - Scotland) didn't trouble anyone. Then something changed in the late 1880s...]",earthcomedy,0,EMF or Virus?,N/A,2020-04-05 03:47:19
comment,fv7c89,"Commento su: Flu deaths in England and Wales, 1850-1940 - from book: Epidemiology of Influenza [The flu used to be uncommon / unheard of / not exist, and for many years (in UK - Scotland) didn't trouble anyone. Then something changed in the late 1880s...]",caiaphas8,5,N/A,"Maybe it has something to do with increases to public health, medicine, hygiene and the discovery of the germ theory in the same period, which meant that people either died of other things or the flu was not recognised properly",2020-04-05 15:23:58
comment,fv7c89,"Commento su: Flu deaths in England and Wales, 1850-1940 - from book: Epidemiology of Influenza [The flu used to be uncommon / unheard of / not exist, and for many years (in UK - Scotland) didn't trouble anyone. Then something changed in the late 1880s...]",earthcomedy,1,N/A,This is in the book - Invisible Rainbow.,2020-04-05 03:51:50
post,fv5x2p,"Medical Errors Are No. 3 Cause Of U.S Deaths, Researchers Say - NPR (USA) - May 2016",earthcomedy,0,Philosophy - Life,N/A,2020-04-05 02:02:58
post,fulfdr,The importance of WiFi for hospitals and patients - Cisco - Feb 2018,earthcomedy,0,Microwaves,N/A,2020-04-04 02:06:33
comment,fulfdr,Commento su: The importance of WiFi for hospitals and patients - Cisco - Feb 2018,earthcomedy,1,N/A, The importance of ~~WiFi~~ microwaving everyone - for hospitals and patients.,2020-04-04 02:07:46
post,fuleva,"National Health Service (UK) WiFi - NHS Digital [Over 8000 centres of patient care across England have been WiFi enabled through the NHS WiFi programme, providing over 63 million visiting patients and citizens with access to free NHS WiFi]",earthcomedy,0,Microwaves,N/A,2020-04-04 02:05:37
comment,fuleva,"Commento su: National Health Service (UK) WiFi - NHS Digital [Over 8000 centres of patient care across England have been WiFi enabled through the NHS WiFi programme, providing over 63 million visiting patients and citizens with access to free NHS WiFi]",earthcomedy,1,N/A,RE: 66% of folks on ventilators dying...well now we have a high level idea of how much wi-fi there is!,2020-04-04 02:13:09
comment,fuleva,"Commento su: National Health Service (UK) WiFi - NHS Digital [Over 8000 centres of patient care across England have been WiFi enabled through the NHS WiFi programme, providing over 63 million visiting patients and citizens with access to free NHS WiFi]",caiaphas8,1,N/A,"I don’t work for the NHS, but I work in an NHS building and I use the WiFi for my job. It’s very helpful that they provide this",2020-04-05 15:25:17
post,fuhnq1,"Worldwide Telecom Equipment Market 2018 - Dell'Oro Group [80% of revenue for service provider equipment is by these 7 companies - Huawei, Nokia, Ericsson, Cisco, ZTE, Ciena, and Samsung]",earthcomedy,1,Telecom-Tech Industry,N/A,2020-04-03 22:10:25
comment,fuhnq1,"Commento su: Worldwide Telecom Equipment Market 2018 - Dell'Oro Group [80% of revenue for service provider equipment is by these 7 companies - Huawei, Nokia, Ericsson, Cisco, ZTE, Ciena, and Samsung]",earthcomedy,1,N/A,"Huawei - Shenzhen, China  
Nokia - Espoo, Finland  
Ericsson- Stockholm, Sweden  
Cisco - California, USA  
ZTE - Shenzhen, Guangdong ,China  
Ciena - Maryland, USA  
Samsung - Seoul, South Korea

Never attack a multi-headed hydra head-on!",2020-04-03 22:16:48
post,fumra8,"Guayaquil has covid19 really bad, and 5G",alfa80211,0,5G Deployment,"Look for the videos of Guayaquil collapse, burning bodies in the streets etc. Then realise it’s the test zone for Ecuador’s 5G network 

https://www.eluniverso.com/noticias/2019/09/14/nota/7517341/citadinos-experimentan-usos-tecnologia-5g",2020-04-04 03:42:44
comment,fumra8,"Commento su: Guayaquil has covid19 really bad, and 5G",earthcomedy,1,N/A,"Yes, am aware of Guayaquil being the hardest hit in Ecuador. Have seen videos. Not aware of any 5G deployment in South America.  \[Though I read Uruguay has it?\]  This test zone, looks like its limited to indoors?

Here's another article...but from Sept. Wonder if they have test base stations already...but no press release...who knows...

[https://www.eluniverso.com/noticias/2019/09/13/nota/7515913/conecel-inicio-pruebas-5g-guayaquil](https://www.eluniverso.com/noticias/2019/09/13/nota/7515913/conecel-inicio-pruebas-5g-guayaquil)

[https://www.elcomercio.com/actualidad/tecnologia-movil-5g-ecuador-2020.html](https://www.elcomercio.com/actualidad/tecnologia-movil-5g-ecuador-2020.html)

Guayaquil coming off rainy season...so people would have stayed indoors more...presumably the last few months. So, weaker...

Didn't realize a country like Ecuador would have such an aggressive schedule - 2020.

I've flaired your post.",2020-04-04 07:40:04
comment,fumra8,"Commento su: Guayaquil has covid19 really bad, and 5G",earthcomedy,1,N/A,"[https://www.youtube.com/watch?v=-XZPJ2-cYMQ](https://www.youtube.com/watch?v=-XZPJ2-cYMQ)

From July 2019 -  

5G coming to Ecuador thanks to Hauwei!",2020-04-04 20:45:44
post,fufmwu,ZTE brings Chinese consumers their first 5G model - CGTN - Aug 2019 [Hmmm...patient zero - Nov 2019? Earlier incubation/mutation/recombination?],earthcomedy,1,5G Deployment,N/A,2020-04-03 20:17:30
post,fu19le,"Book - A Short History of Progress - Ronald Wright [Easy, quick read. Many see all tech advances as ""progress"" --> good. This book may help you reframe this ""idea of progress."" ]",earthcomedy,1,Book,N/A,2020-04-03 03:58:54
comment,fu19le,"Commento su: Book - A Short History of Progress - Ronald Wright [Easy, quick read. Many see all tech advances as ""progress"" --> good. This book may help you reframe this ""idea of progress."" ]",earthcomedy,1,N/A,[https://web.archive.org/web/20061010112435/http://www.anansi.ca/titles.cfm?pub\_subid=237](https://web.archive.org/web/20061010112435/http://www.anansi.ca/titles.cfm?pub_subid=237),2020-04-03 04:12:51
post,ftx7pl,"Watch cell towers spread like wildfire across N.J. over the last 12 years - NJ.com - Jun 2019 [Like a cancer spreading throughout the body, or a virus in the body]",earthcomedy,2,Telecom-Tech Industry,N/A,2020-04-02 23:37:50
comment,ftx7pl,"Commento su: Watch cell towers spread like wildfire across N.J. over the last 12 years - NJ.com - Jun 2019 [Like a cancer spreading throughout the body, or a virus in the body]",earthcomedy,1,N/A,There were certainly more towers than shown at the beginning of the animation....but it's a nice animation.,2020-04-03 01:20:36
post,ftwvlv,"Timelapse of the Spread of the Russian Flu of 1889-1890 (May 1889-Oct 1980) [How did it spread so quickly AND wide when there were no airplanes, only slower ships, and far fewer of them?]",earthcomedy,1,EMF or Virus?,N/A,2020-04-02 23:17:52
comment,ftwvlv,"Commento su: Timelapse of the Spread of the Russian Flu of 1889-1890 (May 1889-Oct 1980) [How did it spread so quickly AND wide when there were no airplanes, only slower ships, and far fewer of them?]",earthcomedy,1,N/A,Typo in title...wrote 1980. Should be Oct 1890...obviously..,2020-04-03 19:35:30
post,ftzdzh,Documentary - Shock and Awe: The Story of Electricity - BBC,earthcomedy,1,EMF or Virus?,N/A,2020-04-03 01:54:41
comment,ftzdzh,Commento su: Documentary - Shock and Awe: The Story of Electricity - BBC,earthcomedy,1,N/A,[https://www.bbc.co.uk/programmes/p00kjq6d](https://www.bbc.co.uk/programmes/p00kjq6d),2020-04-03 01:54:50
post,ftz3ud,"Enable the Digital Lifestyle with the 5G Core (long) - Nokia - Jun 2018 [Ericsson, Huawei, don't want to forget about Nokia! Look..they connect 5G benefits with hospitals / medical system. Real-time DIEgital health services! Sign me up!]",earthcomedy,1,Telecom-Tech Industry,N/A,2020-04-03 01:36:42
post,ftvblv,NHS data shows 66% of coronavirus patients hooked up to ventilators will die - Daily Mail (UK) - Apr 2020 [How many of those hospitals have strong wi-fi? Other EMF issues? About that hospital lighting too...],earthcomedy,2,N/A,N/A,2020-04-02 21:48:34
post,ftysr0,Rare coronavirus patient’s mild symptoms but long illness may point to ‘chronic’ mutation - SCMP - Apr 2020,earthcomedy,1,COVID-19 Info,N/A,2020-04-03 01:16:58
comment,ftysr0,Commento su: Rare coronavirus patient’s mild symptoms but long illness may point to ‘chronic’ mutation - SCMP - Apr 2020,earthcomedy,1,N/A,"Vaccine = hopium?

Two sides to the equation too...virus and host.

Have you looked into the resurgence of Measles and other similarly ""quashed"" illnesses?  Why have those come back?

The DEvil is in the details....",2020-04-03 01:18:38
post,ftwxvq,The Russian Flu of 1889: The Deadly Pandemic Few Americans Took Seriously - History Channel - Mar 2020,earthcomedy,1,EMF or Virus?,N/A,2020-04-02 23:21:29
comment,ftwxvq,Commento su: The Russian Flu of 1889: The Deadly Pandemic Few Americans Took Seriously - History Channel - Mar 2020,earthcomedy,1,N/A,"“Persons with weak lungs and those suffering from heart disease or  kidney troubles are most seriously affected, and in many cases the  influenza leads quickly to pneumonia,” the *New-York Tribune* reported. 

**...wow that sounds like today! History repeating itself!**",2020-04-02 23:22:39
post,ftw1ck,"Origins of Coronavirus - NTD TV - Feb 2020 [Biolab was to be built by an experienced French company, but was done by a Chinese firm. Per one report the lab had ""Middle Age"" containment conditions]",earthcomedy,1,Origins,N/A,2020-04-02 22:29:00
comment,ftw1ck,"Commento su: Origins of Coronavirus - NTD TV - Feb 2020 [Biolab was to be built by an experienced French company, but was done by a Chinese firm. Per one report the lab had ""Middle Age"" containment conditions]",earthcomedy,1,N/A,"[https://www.challenges.fr/entreprise/sante-et-pharmacie/coronavirus-en-chine-apres-le-sras-la-sulfureuse-cooperation-franco-chinoise-a-wuhan\_695165](https://www.challenges.fr/entreprise/sante-et-pharmacie/coronavirus-en-chine-apres-le-sras-la-sulfureuse-cooperation-franco-chinoise-a-wuhan_695165)

Might be a paywall on the above...try this with Google Translate...unless you read French of course!

[https://www.marianne.net/coronavirus-chine-laboratoire-franco-chinois](https://www.marianne.net/coronavirus-chine-laboratoire-franco-chinois)

If you read the above articles, it says not so bad I think. So...what exactly happened? Assuming the biolab plays a role.  Maybe it doesn't.",2020-04-02 22:35:23
post,ftqz0m,Coronavirus outliers: four nations with very different approaches to the crisis - Guardian (UK) - Mar 2020,earthcomedy,1,COVID-19 Info,N/A,2020-04-02 17:52:57
post,ftigsd,Is COVID-19 not caused by a virus? Are all flus caused by EMF exposure?,earthcomedy,2,N/A,"It's still gnawing at me. Arthur Firstenberg's statements that COVID-19 isn't caused by a virus, just as he states the 1918 flu was not caused by a virus, in his book - Invisible Rainbow.  So, this thread is about that.

Just a place holder for the moment.  If you have something to say, go ahead and say it. I've unstickied the timeline, for now. A subReddit can only have 2 stickied posts.

Read this first. And it won't fully make sense, unless you read his book or I post some related things.

[https://www.reddit.com/r/COVID19\_5G/comments/fqo57b/is\_the\_sky\_really\_falling\_arthur\_firstenberg/](https://www.reddit.com/r/COVID19_5G/comments/fqo57b/is_the_sky_really_falling_arthur_firstenberg/)

&#x200B;

&#x200B;",2020-04-02 08:09:07
comment,ftigsd,Commento su: Is COVID-19 not caused by a virus? Are all flus caused by EMF exposure?,earthcomedy,1,N/A,May need to rephrase the title....need to re-read his recent email.,2020-04-02 08:10:19
comment,ftigsd,Commento su: Is COVID-19 not caused by a virus? Are all flus caused by EMF exposure?,earthcomedy,1,N/A,"Leaning toward a hybrid answer...which if you've read earlier links/comments...maybe you could see that.

Not even sure I will post my full thought process here....but I will post some of it.   Really..I don't need to talk to myself...so more participation, I'll say more.",2020-04-02 15:50:44
comment,ftigsd,Commento su: Is COVID-19 not caused by a virus? Are all flus caused by EMF exposure?,earthcomedy,1,N/A,"""Regardless of the origin or severity...""

It sounds like he isn't 100% sure (Who could be)....but maybe misreading it.

""Electrical Conductivity of Earth plays a role. Grounding. Japan is more volcanic than Italy (mainland).""

""Sicily and Campania have much lower rates of CV""

[https://www.citypopulation.de/en/italy/covid/](https://www.citypopulation.de/en/italy/covid/)

[https://www.statista.com/statistics/1099375/coronavirus-cases-by-region-in-italy/](https://www.statista.com/statistics/1099375/coronavirus-cases-by-region-in-italy/)

[https://en.wikipedia.org/wiki/2020\_coronavirus\_pandemic\_in\_Italy](https://en.wikipedia.org/wiki/2020_coronavirus_pandemic_in_Italy)

[https://www.thelocal.it/20200309/map-which-parts-of-italy-are-affected-by-coronavirus-outbreak](https://www.thelocal.it/20200309/map-which-parts-of-italy-are-affected-by-coronavirus-outbreak) (Free article limit)

\--> Is this due to electrical conductivity of the earth, or less 5G, or both?

&#x200B;

So...with this fact....if we look at a map of world volcanoes, we might say - Indonesia will very little affected?

There are other factors....

&#x200B;

to be continued...",2020-04-02 19:40:41
comment,ftigsd,Commento su: Is COVID-19 not caused by a virus? Are all flus caused by EMF exposure?,earthcomedy,1,N/A,"Data Point: South Korea

South Korea doesn't look particularly volcanic.  So, is the electrical conductivity there low?

[https://en.wikipedia.org/wiki/List\_of\_volcanoes\_in\_Korea](https://en.wikipedia.org/wiki/List_of_volcanoes_in_Korea)

Then why have they done so well in containment?  Yet, they also have a high level of 5G.

current explanation: It is a virus, yet it mainly affects people who have high level of EMF exposure (poor electrical system). EMF = electric, magnetic, and/or wireless radiation

PS: Been to a few towns in South Korea (Busan, Seoul, Gyeongju, Haeinsa...) didn't look particularly volcanic. Need to look at electrical conductivity map.",2020-04-02 19:59:29
comment,ftigsd,Commento su: Is COVID-19 not caused by a virus? Are all flus caused by EMF exposure?,earthcomedy,1,N/A,"Data point: Czechia

[https://www.praguemorning.cz/usage-of-masks-flattened-growth-of-coronavirus-cases-in-czech-republic/](https://www.praguemorning.cz/usage-of-masks-flattened-growth-of-coronavirus-cases-in-czech-republic/)

Czech Republic doesn't strike me as volcanic. Yes, I've been there multiple times. So, electrical conductivity of the earth is low?

Again, there are other factors. If masks do indeed make a difference, then we can say it is transmissible by air. Now, this does not answer the other side - who is susceptible to getting ill or who WON'T be asymptomatic (Who will get (gravely) sick and/or die). And that has many more answers.",2020-04-02 20:25:52
comment,ftigsd,Commento su: Is COVID-19 not caused by a virus? Are all flus caused by EMF exposure?,earthcomedy,1,N/A,"1918 flu: 1918 vs 2020

People more homogenous  100 years ago. Less differences in diet & lifestyle.

Technology impact on health was less than today...

...",2020-04-02 20:57:35
post,ft7vv1,I Found The Source of the Coronavirus - Laowhy86 [Insights on Wuhan Institute of Virology and possible patient zero - hard hitting!],earthcomedy,15,Origins,N/A,2020-04-01 20:25:53
comment,ft7vv1,Commento su: I Found The Source of the Coronavirus - Laowhy86 [Insights on Wuhan Institute of Virology and possible patient zero - hard hitting!],earthcomedy,3,N/A,"This supports the immediate previous postings.....this is a really insightful research, and clever. Looking at job postings!

But what isn't clear and is unknown...is again, how did the virus come about?   Also 5G radiation could have compromised Wuhan residents  (and WIV workers) in such a way that a mutation occurred in someone's body.   There are many permutations / possible explanations once one realizes how DIGITAL radiation affects us.

And ""everyone"" fails to put this in context of 100s of millions of pigs dying.   That could be an entirely separate issue, or it may not. History says that it isn't....",2020-04-01 20:30:07
post,ftdd0q,Pangolins carry strains related to new coronavirus - BBC (UK) - Mar 2020,earthcomedy,1,Origins,N/A,2020-04-02 01:40:19
post,ftdccl,Milan professor says he is 'certain' that coronavirus emerged in Wuhan first - Daily Mail - Mar 2020,earthcomedy,1,Origins,N/A,2020-04-02 01:39:05
post,ftdauz,COVID-19 coronavirus epidemic has a natural origin - Scripps - Science Daily - Mar 2020,earthcomedy,1,Origins,N/A,2020-04-02 01:36:20
post,ft9gmg,"How China's ""Bat Woman"" Hunted Down Viruses from SARS to the New Coronavirus - Scientific American - Mar 2020",earthcomedy,2,Origins,N/A,2020-04-01 21:50:14
comment,ft9gmg,"Commento su: How China's ""Bat Woman"" Hunted Down Viruses from SARS to the New Coronavirus - Scientific American - Mar 2020",None,2,N/A,"Good read, thanks for sharing.",2020-04-04 10:25:53
comment,ft9gmg,"Commento su: How China's ""Bat Woman"" Hunted Down Viruses from SARS to the New Coronavirus - Scientific American - Mar 2020",earthcomedy,1,N/A,"""Shi was an early recruit of that worldwide effort, and both Daszak and  Wang have since been her long-term collaborators. But how the civets got  the virus remained a mystery. Two previous incidents were telling:  Australia’s 1994 Hendra virus infections, in which the contagion jumped  from horses to humans, and Malaysia’s 1998 Nipah virus outbreak, in  which it moved from pigs to people. Both diseases were found to be  caused by pathogens that originated in fruit-eating bats. Horses and pigs were merely the intermediate hosts.""

&#x200B;

....hmmm..DIGITAL radiation started in mass in 1994....this will require more investigation someday. 

&#x200B;

“Eating wildlife has been part of the cultural tradition in southern  China” for thousands of years, Daszak says. “It won’t change overnight.” 

...again, why now?

""Although the Wuhan outbreak is the sixth one caused by bat-borne viruses  in the past 26 years —the other five being Hendra in 1994, Nipah in  1998, SARS in 2002, MERS (Middle East respiratory syndrome) in 2012, and  Ebola in 2014—“the animals \[themselves\] are not the problem,” Wang  says.""

..coincidentally mirroring the rise of DIGITAL radiation!

...feel there might be more to glean from this article, but I'm a little mentally tired and in shell shock. Although this has less to do with current events and more from my own deep past.  
Going to learn about this HENDRA virus. Never heard of that before.

Well..if you're reading this, say something. Thanks to those who have.",2020-04-01 21:58:50
post,ftdabm,"Coronavirus not created in lab, Italian health council - ANSA Italy - Mar 2020",earthcomedy,1,Origins,N/A,2020-04-02 01:35:25
post,ftay1u,Hendra virus explained - Australian Broadcasting Corp (ABC) - 2011 [Talks about first incident in 1994],earthcomedy,1,Flu - Animal,N/A,2020-04-01 23:14:20
post,ftaobl,Telecom Australia Mobilenet (Digital) commercial - 1993,earthcomedy,1,History - Digital,N/A,2020-04-01 22:58:21
post,ftabom,10 years of GSM in Australia - Australian Mobile Telecommunications Association - 2003 [Specific data for 1993 and onwards...53% population coverage in 1993!],earthcomedy,1,History - Digital,N/A,2020-04-01 22:38:05
post,ft9zmo,How far we've come: celebrating the 25th anniversary of 2G (GSM - Digital wireless) - Telstra (Australia) Exchange - Apr 2018 [Introduced in April 1993],earthcomedy,0,History - Digital,N/A,2020-04-01 22:19:14
post,ft3cx1,Sneak peek of China's (first) top level bio-safety lab (in Wuhan) - New China TV - Jan 2018 [Drone video shots of outside and surrounding area included],earthcomedy,1,Origins,N/A,2020-04-01 16:46:32
post,ft308b,"Hunting for viruses in bats, Hubei, China, Wuhan Centres for Disease Prevention & Control - Youth in Wild: Invisible Defender - China Science Communications - 旷野青春 | 隐形防线（英文字幕版) - Dec 2019 [Amazing short video...wow!]",earthcomedy,1,Origins,N/A,2020-04-01 16:27:59
comment,ft308b,"Commento su: Hunting for viruses in bats, Hubei, China, Wuhan Centres for Disease Prevention & Control - Youth in Wild: Invisible Defender - China Science Communications - 旷野青春 | 隐形防线（英文字幕版) - Dec 2019 [Amazing short video...wow!]",earthcomedy,1,N/A,"[https://www.dailymail.co.uk/news/article-8172891/Documentary-Wuhan-virologist-catching-wild-bats-fuels-conspiracy-theory.html](https://www.dailymail.co.uk/news/article-8172891/Documentary-Wuhan-virologist-catching-wild-bats-fuels-conspiracy-theory.html)

Daily Mail can be a gossip rag,  paid news, sensationalist,  and inaccurate at times, but they do put out some eye openers from time to time. Don't throw the baby out with the bathwater....at least not yet. :-)     Found this article there.

Wow...very interesting video. And posted on Youtube in December 2019! Hmmm.....",2020-04-01 16:30:50
comment,ft308b,"Commento su: Hunting for viruses in bats, Hubei, China, Wuhan Centres for Disease Prevention & Control - Youth in Wild: Invisible Defender - China Science Communications - 旷野青春 | 隐形防线（英文字幕版) - Dec 2019 [Amazing short video...wow!]",earthcomedy,1,N/A,"While lots (most) of media, politicans, people,  and Reddits focus on post-event effects, you'll notice in this Reddit, a lot of time will be spent on the ORIGINS. (As far as I know, no other related Reddit has an ORIGINS flair) The ROOT of the ""problem.""  Even if it diverges away from 5G / wireless radiation. Though make no mistake, wireless radiation weakens our system and causes all sorts of other problems (comorbidities, if you like).

Again, won't be able to nail down the answer 100% until detailed testing is done, many years later, many more deaths later...but this Reddit is a (partial) record of the investigative trail.",2020-04-01 16:35:29
comment,ft308b,"Commento su: Hunting for viruses in bats, Hubei, China, Wuhan Centres for Disease Prevention & Control - Youth in Wild: Invisible Defender - China Science Communications - 旷野青春 | 隐形防线（英文字幕版) - Dec 2019 [Amazing short video...wow!]",earthcomedy,1,N/A,And history / precedent is on a radiation related viewpoint. Both in the past and now....,2020-04-01 19:49:16
post,fstyt2,"Tucker Carlson (Fox News - USA) - Chinese paper --> virus escaped from biolab accidentally, due to blood/urine contamination from a horseshoe bat being studied, NOT sold at Wuhan Market. NOT a bioweapon, but still related to the biolab. Did something affect the bat?",earthcomedy,3,Origins,N/A,2020-04-01 06:06:31
comment,fstyt2,"Commento su: Tucker Carlson (Fox News - USA) - Chinese paper --> virus escaped from biolab accidentally, due to blood/urine contamination from a horseshoe bat being studied, NOT sold at Wuhan Market. NOT a bioweapon, but still related to the biolab. Did something affect the bat?",earthcomedy,2,N/A,"Like Tucker Carlson...he tackles some taboo subjects in America - that I know to be true. So...he does have a certain amount of credibility with me, even though I don't watch his show (nor any other show) w/ regularity.

EDIT: But that is besides the point...the paper speaks for itself",2020-04-01 06:16:50
comment,fstyt2,"Commento su: Tucker Carlson (Fox News - USA) - Chinese paper --> virus escaped from biolab accidentally, due to blood/urine contamination from a horseshoe bat being studied, NOT sold at Wuhan Market. NOT a bioweapon, but still related to the biolab. Did something affect the bat?",earthcomedy,1,N/A,"If this origin story is true, did Sars-Cov-2 always exist in the bat? Or was it a mutation from something else....like 5G radiation?",2020-04-01 06:08:37
comment,fstyt2,"Commento su: Tucker Carlson (Fox News - USA) - Chinese paper --> virus escaped from biolab accidentally, due to blood/urine contamination from a horseshoe bat being studied, NOT sold at Wuhan Market. NOT a bioweapon, but still related to the biolab. Did something affect the bat?",None,1,N/A,🤡,2020-04-06 04:52:58
comment,fstyt2,"Commento su: Tucker Carlson (Fox News - USA) - Chinese paper --> virus escaped from biolab accidentally, due to blood/urine contamination from a horseshoe bat being studied, NOT sold at Wuhan Market. NOT a bioweapon, but still related to the biolab. Did something affect the bat?",earthcomedy,1,N/A,Or did wireless radiation change something in our physiology which made us more susceptible to what was in the bat?,2020-04-01 19:47:12
comment,fstyt2,"Commento su: Tucker Carlson (Fox News - USA) - Chinese paper --> virus escaped from biolab accidentally, due to blood/urine contamination from a horseshoe bat being studied, NOT sold at Wuhan Market. NOT a bioweapon, but still related to the biolab. Did something affect the bat?",None,1,N/A,"Good thought, there is evidence that microwave radiation can lead to genetic mutation depending on exposure levels and duration.

[T](https://www.thesun.co.uk/news/7888730/maggot-filled-bats-garden-sky-mum-flees/)here have been many reports of birds and bats dying falling from the sky in recent years. It might be worth correlating those phenomenons to 5G projects.",2020-04-04 15:54:08
comment,fstyt2,"Commento su: Tucker Carlson (Fox News - USA) - Chinese paper --> virus escaped from biolab accidentally, due to blood/urine contamination from a horseshoe bat being studied, NOT sold at Wuhan Market. NOT a bioweapon, but still related to the biolab. Did something affect the bat?",earthcomedy,1,N/A,"Yes, some videos about that - birds/bat falling   (I always check the Mass Animal Deaths website first - will make that a separate post) ...but waves travel in atmosphere too.

If you find any interesting links / videos on genetic mutation feel free to post them. I must say, I haven't consciously searched for them.",2020-04-04 16:21:47
comment,fstyt2,"Commento su: Tucker Carlson (Fox News - USA) - Chinese paper --> virus escaped from biolab accidentally, due to blood/urine contamination from a horseshoe bat being studied, NOT sold at Wuhan Market. NOT a bioweapon, but still related to the biolab. Did something affect the bat?",None,1,N/A,"This is an interesting article on the subject including some older military studies in the US and Russia.
https://www.saferemr.com/2017/08/5g-wireless-technology-millimeter-wave.html
It's probably a safe bet that the providers have been aware of the effects.
The waves inhibit the oxygen uptake as well, which would explain why an affected person could have breathing problems.
https://www.ncbi.nlm.nih.gov/pubmed/25006864
""Genetic damage parameters of DNA migration length, damage frequency (DF) and damage index were significantly (p = 0.000) elevated in the sample group compared to respective values in healthy controls. ""
Edit: Added following:
FCC paper outlining 5G dangers; https://ecfsapi.fcc.gov/file/1053072081009/5G%20Radiation%20Dangers%20-%2011%20Reasons%20To%20Be%20Concerned%20_%20ElectricSense.pdf",2020-04-04 23:44:54
comment,fstyt2,"Commento su: Tucker Carlson (Fox News - USA) - Chinese paper --> virus escaped from biolab accidentally, due to blood/urine contamination from a horseshoe bat being studied, NOT sold at Wuhan Market. NOT a bioweapon, but still related to the biolab. Did something affect the bat?",earthcomedy,1,N/A,"thanks.

Even after skimming what u posted, I could see why people just ignore it and blind themselves, and just enjoy the benefits of a wireless world.  Meanwhile....

The providers probably just didn't think there would ever be such a blowback...of course...they probably aren't even thinking yet of Coronavirus - 5G.

In my limited conversations with (ex)friends/neighbors who are not in the telecom industry, but still are techies in the Seattle-area or California (Mech Engineer, Software Engineer)...they are clueless or don't want to see the contrary viewpoint.

One just said - Non-Ionizing has no effect, it's safe.

Never let engineers / scientists / doctors be in charge.   Never let non-tech/non-medical aware politicians take power...hahahahaha

We aren't in that world right now... pride goes before the fall...we still have a long way to fall...",2020-04-05 00:18:39
post,fsowua,1918 Pandemic Influenza: Three Waves | Pandemic Influenza (Flu) - CDC (USA),earthcomedy,1,History - Flu,N/A,2020-04-01 00:28:00
post,fso4a0,"What Is Killing the Bats? - Smithsonian Magazine - Aug 2011 [Speaking of bats being a possible source....one of many ""DIEseases"" that have just popped up out of nowhere since....you know when ]",earthcomedy,1,Flu - Animal,N/A,2020-03-31 23:39:42
comment,fso4a0,"Commento su: What Is Killing the Bats? - Smithsonian Magazine - Aug 2011 [Speaking of bats being a possible source....one of many ""DIEseases"" that have just popped up out of nowhere since....you know when ]",earthcomedy,1,N/A,"[https://www.ithacajournal.com/story/news/local/2016/07/20/bats-disappearing-our-night-skies/87346814/](https://www.ithacajournal.com/story/news/local/2016/07/20/bats-disappearing-our-night-skies/87346814/) \- 2016

&#x200B;

[https://www.ecowatch.com/bats-dying-in-unprecedented-numbers-1881807290.html](https://www.ecowatch.com/bats-dying-in-unprecedented-numbers-1881807290.html) \- 2013. Nice map. Sure there are more up to date ones somewhere. Post if you find.",2020-03-31 23:41:07
post,fsitr4,"COVID-19 whistleblower doctor punished 'inappropriately': Chinese probe - Channel News Asia - Mar 2020 [For all the 'EMF' whistleblowers who have been/are being/feel ridiculed, someday the tables will be turned....]",earthcomedy,2,Philosophy - Life,N/A,2020-03-31 18:55:48
post,fsfea9,"A Real 5G Innovation – Huawei’s 5G Base Station - Huawei - Aug 2019 [See...the radiation is minimal, well below (inflated) standards!]",earthcomedy,2,Telecom-Tech Industry,N/A,2020-03-31 15:55:11
comment,fsfea9,"Commento su: A Real 5G Innovation – Huawei’s 5G Base Station - Huawei - Aug 2019 [See...the radiation is minimal, well below (inflated) standards!]",earthcomedy,1,N/A,Radiation from a hair dryer? WTF are they measuring? Bluetooth hair dryer?,2020-04-01 00:21:29
comment,fsfea9,"Commento su: A Real 5G Innovation – Huawei’s 5G Base Station - Huawei - Aug 2019 [See...the radiation is minimal, well below (inflated) standards!]",earthcomedy,1,N/A,"They measure in W/m2 - makes the numbers look small. When you need to measure in MICROWATTS / m2.

But, hey, that's just a detail....enjoy the upbeat music!",2020-04-01 00:22:19
post,frtnq4,"Seriously Scary Radioactive Products From The 20th Century - Gizmodo - May 2013 [This is not the first time....history repeat itself, but who *really* studies history?]",earthcomedy,2,History-Radium,N/A,2020-03-30 16:12:09
comment,frtnq4,"Commento su: Seriously Scary Radioactive Products From The 20th Century - Gizmodo - May 2013 [This is not the first time....history repeat itself, but who *really* studies history?]",earthcomedy,1,N/A,Clarification: This is not the first time - refers to right now. 21st century.,2020-03-30 16:25:25
post,frvckk,Ericsson (5G) Radio System reaches new heights - 2017 [It's so beautiful! Profits galore!],earthcomedy,0,Telecom-Tech Industry,N/A,2020-03-30 17:41:46
comment,frvckk,Commento su: Ericsson (5G) Radio System reaches new heights - 2017 [It's so beautiful! Profits galore!],earthcomedy,1,N/A,"Watched this a couple of years ago...finally found it again. Some upbeat music, nice fades/cuts...and hey, it's all good! \[No, in general I don't like to label posts/comments as sarcastic or not....\]

Big business....",2020-03-30 17:43:26
post,fru95g,Coronavirus: 'Viral load' with may dictate severity of symptoms - Daily Mail - Mar 2020,earthcomedy,1,COVID-19 Info,N/A,2020-03-30 16:43:48
comment,fru95g,Commento su: Coronavirus: 'Viral load' with may dictate severity of symptoms - Daily Mail - Mar 2020,F_TheDailyMail,1,N/A,"Warning: The Daily Mail has been known to lie and sensationalize news. Please take everything they say with a mountain of salt!! 

Beep Boop, Im a bot",2020-03-30 16:44:02
comment,fru95g,Commento su: Coronavirus: 'Viral load' with may dictate severity of symptoms - Daily Mail - Mar 2020,earthcomedy,1,N/A,This will be deleted and reposted. TItle is grammatically incorrect.,2020-03-30 17:36:23
comment,fru95g,Commento su: Coronavirus: 'Viral load' with may dictate severity of symptoms - Daily Mail - Mar 2020,earthcomedy,1,N/A,"yes, mr.bot. already know.

And ""scientists"" have been known to be blind & stupid..... 

And ""doctors"" have been known to make many mistakes...

And people with fancy degrees and fancy houses....and fancy titles...",2020-03-30 17:32:12
post,frtvge,"Radium Was a Miracle Product, Until it Started Killing People - Seeker",earthcomedy,1,History-Radium,N/A,2020-03-30 16:23:51
comment,frtvge,"Commento su: Radium Was a Miracle Product, Until it Started Killing People - Seeker",earthcomedy,1,N/A,"Yes, this is ELEMENTAL radiation. But, now we have MAN-MADE ELECTRONIC RADIATION. Similar, but different.  Many books, videos about the RADIUM GIRLS.",2020-03-30 16:24:39
post,frl5m8,Can the coronavirus infect someone twice? - France24 - Mar 2020,earthcomedy,2,COVID-19 Info,N/A,2020-03-30 05:43:18
comment,frl5m8,Commento su: Can the coronavirus infect someone twice? - France24 - Mar 2020,earthcomedy,1,N/A,[https://www.prevention.com/health/a31664841/can-you-get-coronavirus-twice/](https://www.prevention.com/health/a31664841/can-you-get-coronavirus-twice/),2020-03-31 01:21:04
post,frk8gm,"Documentary - Public Exposure: DNA, Democracy and the 'Wireless Revolution' [From the year 2000!]",earthcomedy,1,Documentary,N/A,2020-03-30 04:29:34
comment,frk8gm,"Commento su: Documentary - Public Exposure: DNA, Democracy and the 'Wireless Revolution' [From the year 2000!]",earthcomedy,1,N/A,"Keep forgetting the name of this documentary, so I want to post it here. Won't get lost this way. Found it in my list of bookmarks...but easy to get lost in my list of bookmarks -- because I have so many (thousands - process a lot of info here on many subjects!).

Wireless being dangerous / having health effects / biological effects is nothing new...and there's info even further back in certain books.

Enjoy!",2020-03-30 04:32:14
post,fri71n,Documentary - Radiant Day,earthcomedy,1,Documentary,N/A,2020-03-30 02:04:28
comment,fri71n,Commento su: Documentary - Radiant Day,earthcomedy,1,N/A,"Focuses on wireless industry shenanigans and deception. Norwegian doc. Saw this shortly after it was uploaded in 2010 I want to say. Had almost zero views. 10 years later, still only at 4,000 or so.  5 parts.",2020-03-30 05:04:26
post,frce5n,Cellular Maps - 5G Wireless Coverage (USA),earthcomedy,2,5G Deployment,N/A,2020-03-29 20:12:11
comment,frce5n,Commento su: Cellular Maps - 5G Wireless Coverage (USA),earthcomedy,1,N/A,"Someday, maybe 20-25 years from now, after many more people have died (Many millions, hundreds of? More?) and the world has plunged much further into darkness (Wait till' u find out how global warming / climate change is connected to m/w radiation!)  - I can see teams of people creating a giant simulation.

Will dredge up all the proprietary data from telecom companies, etc...and will show how sickness / long term illness / death rises with the increasing amounts of m/w radiation. And in destruction of nature, mass animal deaths, and climate change related stuff too.   As far as COVID-19, we can see these maps overlaid with outbreaks.

Would require access to lots of data, a big focused team of people / society, all on the same page, etc... someday...and the end of the world as we know it - and not talking about what is happening right now.",2020-03-29 20:22:34
comment,frce5n,Commento su: Cellular Maps - 5G Wireless Coverage (USA),None,1,N/A,[removed],2020-03-29 23:24:24
comment,frce5n,Commento su: Cellular Maps - 5G Wireless Coverage (USA),earthcomedy,1,N/A,"Now these cellular maps would need a proper sit down by someone to overlay / correlate outbreak areas. You? Guess I could just print out a NY Times outbreak map, print it out and just do a quick comparison like that.  Or maybe someone can cut & paste. It's more work than I want to do.  

Lots of scientists, etc...getting paid for their research - their regular job. Me, nothing.  Current job has nothing to do with this. Though in a sense, my payment has come in a different form. 

anyway...  it gets more complicated, as stated it isn't just the presence of 5G, but any form of digital radiation. But 5G places are going to have more.  But density of an area certainly plays a role...so..

Your alternate possibility is valid, that's a factor, of course......but that's why looking at where things (supposedly) started is helpful. What happened right before the outbreak (supposedly) started?

Wuhan, Hubei - #1 place for 5G in China. Italy - Lombardy REGION - #1 REGION for 5G in Italy - rolled out in multiple major cities, but region wise, per earlier articles - Lombardy/Milan was noted. See earlier posted articles.  Now, have I measured radiation in either of these places - no. But can only rely on news articles and intuition at this point.

Also look at animals, and also history - Bird Flu.  Many other indicators, only posted a fraction of them here. 

I lean toward the 5G explanation because of earlier research re: bird flu and flu in general (Invisible Rainbow book) as well.   Oh..and my personal experience of getting sick / not sick!

Just came across articles like this....and yet, this is also related to m/w radiation. How does m/w radiation exposure make you fat/obese?   Hint: caffeine...affects lungs.    
See Starbucks post. And meditate on - why are people drinking more caffeine... How do lungs relate to obesity / being fat / overweight?   


I don't want to get into all health factors...at least not now. Maybe I'll write a short e-book.  

[https://www.ibtimes.com/covid-19-warning-being-overweight-or-obese-ups-your-risk-dying-coronavirus-2945433](https://www.ibtimes.com/covid-19-warning-being-overweight-or-obese-ups-your-risk-dying-coronavirus-2945433)",2020-03-30 01:57:34
post,fraa20,"Coronavirus may have been spreading in humans for decades, study says - SCMP - Mar 2020",earthcomedy,2,Origins,N/A,2020-03-29 18:10:00
comment,fraa20,"Commento su: Coronavirus may have been spreading in humans for decades, study says - SCMP - Mar 2020",earthcomedy,1,N/A," “Then,  as a result of gradual evolutionary changes over years or perhaps  decades, the virus eventually gained the ability to spread from human to  human and cause serious, often life-threatening disease,” he said in an  article published on the institute’s website on Thursday.

.....

Coronaviruses with a similar spike protein were later discovered in Malayan [pangolins](https://www.scmp.com/news/china/science/article/3076970/pangolins-may-not-have-passed-coronavirus-humans-say-chinese)  by separate teams from Guangzhou and Hong Kong, which led some  researchers to believe that a recombination of genomes had occurred  between the bat and pangolin viruses.📷Doctors  in Wuhan began noticing a surge in the number of people suffering from a  mysterious pneumonia in December. 

But  the new strain, or SARS-Cov-2, had a mutation in its genes known as a  polybasic cleavage site that was unseen in any coronaviruses found in  bats or pangolins, according to Andersen and his colleagues.

This  mutation, according to separate studies by researchers from China,  France and the US, could produce a unique structure in the virus’ spike  protein to interact with furin, a widely distributed enzyme in the human  body. That could then trigger a fusion of the viral envelope and human  cell membrane when they came into contact with one another.

.....

It  is possible that the mutation happened naturally to the virus on animal  hosts. Sars (severe acute respiratory syndrome) and Mers (Middle East  respiratory syndrome), for instance, were believed to have been direct  descendants of species found in masked civets and camels, which had a 99  per cent genetic similarity.

There  was, however, no such direct evidence for the novel coronavirus,  according to the international team. The gap between human and animal  types was too large, they said, so they proposed another alternative.

“It  is possible that a progenitor of SARS-CoV-2 jumped into humans,  acquiring the genomic features described above through adaptation during  undetected human-to-human transmission,” they said in the paper.

“Once  acquired, these adaptations would enable the pandemic to take off and  produce a sufficiently large cluster of cases to trigger the  surveillance system that detected it.”

They  said also that the most powerful computer models based on current  knowledge about the coronavirus could not generate such a strange but  highly efficient spike protein structure to bind with host cells.

The study had significantly reduced, if not ruled out, the possibility of a laboratory origin, Collins said.

“In  fact, any bioengineer trying to design a coronavirus that threatened  human health probably would never have chosen this particular  conformation for a spike protein,” he said.

......

“The occurrence of Covid-19 in Wuhan does not mean it originated in Wuhan,” he said last week.

“There will be a day when the whole thing comes to light.”

\---------------------------------------

This would lend credence to the idea first proposed on this Reddit. Mutation and/or weakening of human immune systems.  Even just saying weakening is an oversimplification. DIGITAL radiation could modify the human system to react a certain way. Not so much a weakening, as it is an alteration. \[Though the net effect is a weakening\]

Will post more stuff re: Biolab theories as well and ""natural"" origin. Few things are certain though, few understand the full scale of health effects of wireless radiation (Even those who research it lightly/moderately I've found), and most minds are closed to the possibility. We here / I'll be open to Biolab or other origin theories or some combination, but most other minds are emotionally closed off to any impact from wireless radiation.",2020-03-29 18:18:27
comment,fraa20,"Commento su: Coronavirus may have been spreading in humans for decades, study says - SCMP - Mar 2020",earthcomedy,1,N/A,[https://www.dailymail.co.uk/health/article-8169331/Coronavirus-infected-humans-DECADES-mutating-killer-disease.html](https://www.dailymail.co.uk/health/article-8169331/Coronavirus-infected-humans-DECADES-mutating-killer-disease.html),2020-03-31 19:07:43
post,frdh4q,Hospitals with wireless antennas,earthcomedy,1,Microwaves,N/A,2020-03-29 21:14:57
comment,frdh4q,Commento su: Hospitals with wireless antennas,earthcomedy,1,N/A,"Maybe a HUMOR flair needs to be created. This hospital is in the news..and the photo caught my eye.

[https://www.dailymail.co.uk/news/article-8165129/ER-doctor-fired-criticizing-Washington-state-hospital-lack-preparedness-COVID-19.html](https://www.dailymail.co.uk/news/article-8165129/ER-doctor-fired-criticizing-Washington-state-hospital-lack-preparedness-COVID-19.html)

Here it is on Google Maps:

[https://goo.gl/maps/AkkMg8dWDzzC8e217](https://goo.gl/maps/AkkMg8dWDzzC8e217)

Nevermind the routers and/or other wireless devices on the inside.

Do many hospitals have towers / antennas near them? I've seen some...I bet there are a lot. Ahh...the irony.

This is PeaceHealth St.Joseph Hospital in Bellingham, WA, USA

EDIT: These antennas don't affect per se most patients (that much) because the energy is radiated into the surrounding area. Although...some of it goes downward and adds to the overall area level - which goes through the windows, etc.... There also could be a large magnetic field right below the antennas. Not sure. But have seen videos of people who live directly under antennas getting very sick.

Post in the comments below any that you find. State hospital name and location.",2020-03-29 21:17:57
post,fr8tzv,Hey I’m looking for a meme where old white guys are laughing and it says something about 5g testing causing the corona virus.,stephenost,2,N/A,N/A,2020-03-29 16:45:16
comment,fr8tzv,Commento su: Hey I’m looking for a meme where old white guys are laughing and it says something about 5g testing causing the corona virus.,earthcomedy,2,N/A,maybe you should make one! ;),2020-03-30 00:40:16
comment,fr8tzv,Commento su: Hey I’m looking for a meme where old white guys are laughing and it says something about 5g testing causing the corona virus.,stephenost,2,N/A,Yes but the wording on this one was better than what I can remember haha,2020-03-31 14:06:21
post,fqog6t,"Not wearing masks to protect against coronavirus is a ‘big mistake,’ top Chinese scientist says - Science - Mar 2020",earthcomedy,2,COVID-19 Info,N/A,2020-03-28 17:28:48
post,fqnx6j,8 strains of the coronavirus are circling the globe. Here's what clues they're giving scientists. - USA Today - Mar 2020,earthcomedy,2,COVID-19 Info,N/A,2020-03-28 17:00:29
comment,fqnx6j,Commento su: 8 strains of the coronavirus are circling the globe. Here's what clues they're giving scientists. - USA Today - Mar 2020,earthcomedy,1,N/A,Earlier article posted mentioned 100+ strains (Thailand Medical News)....hmmm.....,2020-03-28 17:02:47
post,fqoskv,First Three-dimensional Global Map of Electrical Conductivity in Earth's Mantle - National Science Foundation (USA),earthcomedy,1,Origins,N/A,2020-03-28 17:46:54
comment,fqoskv,Commento su: First Three-dimensional Global Map of Electrical Conductivity in Earth's Mantle - National Science Foundation (USA),earthcomedy,1,N/A,Related to - Is the Sky Really Falling? post. Still analyzing that post.,2020-03-28 19:14:42
comment,fqoskv,Commento su: First Three-dimensional Global Map of Electrical Conductivity in Earth's Mantle - National Science Foundation (USA),earthcomedy,1,N/A,Doesn't match up with where volcanoes in the world are located....,2020-04-03 03:32:15
comment,fqoskv,Commento su: First Three-dimensional Global Map of Electrical Conductivity in Earth's Mantle - National Science Foundation (USA),isopropylalcohol41,1,N/A,Have you learned about Schumann's Resonance? [http://sosrff.tsu.ru/](http://sosrff.tsu.ru/),2020-04-12 08:27:26
comment,fqoskv,Commento su: First Three-dimensional Global Map of Electrical Conductivity in Earth's Mantle - National Science Foundation (USA),earthcomedy,1,N/A,Yes. Aware of it. What is this website?,2020-04-12 16:29:36
comment,fqoskv,Commento su: First Three-dimensional Global Map of Electrical Conductivity in Earth's Mantle - National Science Foundation (USA),isopropylalcohol41,1,N/A,This is the Russian website that measures the Schumann Resonance everyday. I believe the info is compiled in Russia (though the measurements are taken at points across the globe). This is the website that updates daily with the new measurement,2020-04-13 09:42:20
comment,fqoskv,Commento su: First Three-dimensional Global Map of Electrical Conductivity in Earth's Mantle - National Science Foundation (USA),earthcomedy,1,N/A,"ok, I'll look at it closer.",2020-04-24 13:35:44
post,fqo57b,"Is the Sky Really Falling? - Arthur Firstenberg (Invisible Rainbow author, Cell Phone Task Force) - Mar 2020",earthcomedy,1,Origins,N/A,2020-03-28 17:12:05
comment,fqo57b,"Commento su: Is the Sky Really Falling? - Arthur Firstenberg (Invisible Rainbow author, Cell Phone Task Force) - Mar 2020",earthcomedy,3,N/A,"AF really knows his stuff. Invisible Rainbow is a great book. I learned a lot from him, by reading the book.  He's been involved in microwave health effects for a very long time. (BTW - I wrote the #1 up voted review for his book on Amazon) Does that mean I agree 100% with whatever he says -- HELL NO!  Everyone should think for themselves!

Sometimes you learn from those with more experience, sometimes your knowledge/experience eclipses those you learned from (Student becomes master), sometimes they should learn from you (Master become student), then they notice some you didn't, and then you need to be humble enough to learn from them again (New Master becomes student again)...an endless cycle.

And in some future existence -- we will have no titles. No en-TITLE-ment. No masters, no students. Just learning from each other as necessary.

Ok, I digress.

Will have more comment on his most recent newsletter later. Not surprised he wrote it. But does on the ground data reflect his thought process?",2020-03-28 17:18:48
post,fqny5y,Nextstrain - 2019 nCoV,earthcomedy,1,COVID-19 Info,N/A,2020-03-28 17:02:02
post,fqmsjd,Landline Phones Are a Dying Breed (USA) - Statista,earthcomedy,1,Microwaves,N/A,2020-03-28 15:58:28
comment,fqmsjd,Commento su: Landline Phones Are a Dying Breed (USA) - Statista,earthcomedy,1,N/A,"[https://www.statista.com/statistics/289158/telephone-presence-in-households-in-the-uk/](https://www.statista.com/statistics/289158/telephone-presence-in-households-in-the-uk/)

That's the UK. Interesting comparison....never thought to examine other countries.

So, many more people in UK have decided to keep their landline vs the USA.

 If anyone has links to the status in other countries, comment here. \[If they were separate posts, that could easily overwhelm this Reddit!\]

I know from reading many ""poor"" places never had landlines, so exclusively rely on wireless.

So less landline use, means more reliance on microwave radiation.  Another factor which will determine who is affected more by this virus or any new ones.",2020-03-28 16:00:25
comment,fqmsjd,Commento su: Landline Phones Are a Dying Breed (USA) - Statista,earthcomedy,1,N/A,"**Canada**

[https://calgary.ctvnews.ca/report-says-landline-phones-dropped-from-canadian-homes-1.3721428](https://calgary.ctvnews.ca/report-says-landline-phones-dropped-from-canadian-homes-1.3721428)

The study says that 88 percent of households have a cell phone while just 67 percent have landlines.",2020-03-28 18:17:00
post,fqm9s9,Twisted Logic / Irony ---> What if all this had happened in 2005? - BBC,earthcomedy,1,Microwaves,N/A,2020-03-28 15:30:02
comment,fqm9s9,Commento su: Twisted Logic / Irony ---> What if all this had happened in 2005? - BBC,earthcomedy,1,N/A,"""But we may emerge from this crisis with a new appreciation for these technology tools, which can be extremely useful - and even life-saving -  if used wisely.""

Here's an example of an article that is pouring love on all our recent tech and that it helps during the Coronavirus age. Telecom companies also put out PR releases, ""we're adding more base stations to help you!""

This is what happens when you don't look at things negatively or over-positively. More on that in a future post.  Guess this will be expanding this Reddit to a little more philosophy.

Also why, at least for now, no point in trying to ""convince"" anyone who doesn't have a mind open enough to see an alternative truth / reality. \[Although most of  these people would probably say they are open-minded. Theory vs Reality.\]

More on the irony of lockdowns from a wireless radiation standpoint later.",2020-03-28 15:35:39
post,fq1z0n,5G Radiation Exacerbates the Lethality and Spread of Coronavirus,lam-11,3,Health Effects,"The question that is being raised here is not whether 5G is responsible for the virus, but rather whether 5G radiation, acting via VGCC activation may be exacerbating the viral replication or the spread or lethality of the disease. 

The predominant cause of death from this coronavirus is pneumonia. Pneumonia is greatly exacerbated by each of those five downstream effects of VGCC activation, excessive intracellular calcium, oxidative stress, NF-kappaB elevation, inflammation and apoptosis. The first of the citations listed below shows that calcium channel blockers, the same type of drugs that block EMF effects, are useful in the treatment of pneumonia. This predicts that EMFs, acting via VGCC activation, will produce increasingly severe pneumonia and therefore 5G radiation as well as other types of EMFs may well increase pneumonia deaths.

These (studies below) all argue that 5G radiation is likely to greatly exacerbate the spread of the coronavirus and to greatly increase the lethality of the infections produced by it. The good news is that it is likely that those of us that live in areas with no 5G radiation and who avoid other EMFs wherever possible will probably escape much of the impacts of this prospective global pandemic.

It is highly probable that one of the best things Wuhan can do to control the epidemic in the city is to turn off the 4G/5G system.

VGCC  voltage-gated calcium channel  

Zheng et al. 2016 Preadmission Use of Calcium Channel Blockers and Outcomes After Hospitalization With Pneumonia: A Retrospective Propensity-Matched Cohort Study. Am J Ther. 2017 Jan/Feb;24(1):e30- e38.

Fang et al. 2017 Pneumolysin-Dependent Calpain Activation and Interleukin-1α Secretion in Macrophages Infected with Streptococcus pneumoniae. Infect Immun. 2017 Aug 18;85(9). pii: e00201-17.

Fettel et al. 2019 Sphingosine-1-phosphate (S1P) induces potent anti-inflammatory effects in vitro and in vivo by S1P receptor 4-mediated suppression of 5-lipoxygenase activity. FASEB J. 2019 Feb;33(2):1711- 1726.

Liu and Shi. 2019 Calcium-activated chloride channel regulator 1 (CLCA1): More than a regulator of chloride transport and mucus production. World Allergy Organ J. 2019 Nov 29;12(11):100077.

Sci Rep. 2018 Oct 18;8(1):15393. Surfactant protein D attenuates acute lung and kidney injuries in pneumonia-induced sepsis through modulating apoptosis, inflammation and NF-κB signaling. Du J, et al.

Curr Neurovasc Res. 2020 Jan 28. MicroRNA (miR)-429 promotes inflammatory injury by targeting kruppel-like factor 4 (KLF4) in neonatal pneumonia. Zhang L, et al.

Life Sci. 2019 Jul 1;228:189-197. Long noncoding RNA SNHG16 targets miR-146a-5p/CCL5 to regulate LPS-induced WI-38 cell apoptosis and inflammation in acute pneumonia. Zhou Z, et al.

&#x200B;

[https://fourfoldhealing.com/blogs/news/massive-predicted-effects-of-5g?mc\_cid=8c817edfbb&mc\_eid=e08ab2e1e6](https://fourfoldhealing.com/blogs/news/massive-predicted-effects-of-5g?mc_cid=8c817edfbb&mc_eid=e08ab2e1e6)",2020-03-27 18:01:59
comment,fq1z0n,Commento su: 5G Radiation Exacerbates the Lethality and Spread of Coronavirus,earthcomedy,1,N/A,"Turn off 4G/5G.... hahahahahaha!

That would be a sign of defeat / weakness. Imagine the lawsuits (Ok, maybe not in China, maybe they just execute and imprison) and vitriol hate that would rain upon all the telecom / tech engineers / execs / mktg folks, etc....

The downstream effects of a major nation admitting to this....

Are tech / telecom / etc... companies ""Too big to fail""..... ""Too big to admit""  in this case....what would happen to the wealth they've accumulated?  All the scientists who published junk science?

Qualcomm, Apple, Intel, Huawei, Ericsson, Nokia, Verizon, AT&T, Vodafone, Telstra, Sprint, T-Mobile, Deutsche Telecom, Orange, LG, Samsung, Amazon, Microsoft, Crown Castle, all airlines who installed Wi-Fi in their aluminum metal tubes, Cisco (Can't forget them!), all PC makers who installed Wi-Fi / bluetooth, every single store / nursing home - that installed wi-fi, Google, Airtel, China Unicom, China Mobile, Softbank, NTT, Trendnet, Telus, Rogers...

Sure..many could say they were misled by scientists (End of science anyone?), authorities, etc...

A wi-fi router and cordless base station in a home can be more damaging than a tower over time - depending on proximity / exposure.

If we said no to 5G, is just 4G ok? 3G? If (When) the world realizes  this, how does the patient (World), slowly get off wireless addiction? It wasn't that long ago....when wireless was mostly for backend traffic (TV - phones) / just radio.    25 years ago....in the adult lifetime of many. And prior to 1940s - was just radio. 

Well...maybe that is a post (Make that - it will be a post...let me see how to phrase it, all ears on ideas) to invite questions and thoughtful thoughts. Because IT WILL happen.  But by then, the world will be very different - and what is happening now, is not what I'm talking about - even with millions of deaths...if it comes to that.    I'm not at liberty (Or rather, I don't want to on anonymous Reddit) to discuss my different view of the future. But enquiring minds can learn more now...

Thanks for being an early poster!",2020-03-27 18:23:44
comment,fq1z0n,Commento su: 5G Radiation Exacerbates the Lethality and Spread of Coronavirus,lam-11,2,N/A,"Thanks for creating this group.  I tried to post the information about 5G on a couple of coronavirus groups but they wouldn't post it.  One of the groups, r/China_flu actually pulled my post due to lack of substantiation.  I posted 6 of the cited research papers and a link to the original document.  It makes me think that this topic is being censored.",2020-03-27 20:35:36
comment,fq1z0n,Commento su: 5G Radiation Exacerbates the Lethality and Spread of Coronavirus,earthcomedy,2,N/A,"Could be... emotional blindness. Love is blind. Greed is blind. 
Reddit is not the place to be ""anti-wireless"" so to speak, except in a few isolated places (like here!). Speaking of that, not sure if there are any Reddit threads on seeing wireless for what it is.

I'll also add aircraft radar to the above...for post 1940s wireless... so many tentacles, hard to keep it all straight sometimes.

The interesting thing is ...if one watches say half a dozen documentaries and reads a few books...you know more (from a straight knowledge standpoint) about how harmful wireless is than 95% of other people...maybe 98%+. (from a global standpoint)... .including doctors, engineers, executives, PhDs, etc... that's how brainwashed we are I think. Certain towns are certainly more aware.

Getting a proper meter and testing...and you really are  stepping up to the plate, so to speak.

Sure, lots of people think there might be some danger, but they don't take it seriously. ""Just use a headset!""....

If you have any friends that doubt you, have them put their router, right next to their head while sleeping. Better yet, plug in 2 routers...one on either side!   ""It's harmless, so distance shouldn't matter.""  Then they should report how they feel the next morning...I've never done it, so maybe it takes a few more nights....would be an interesting documentary like Morgan Spurlock hit piece on MCdonalds.  Better yet, get one of those fancy Netgear Routers that outputs 2.4, 5, and 60 Ghz at the same time!",2020-03-27 23:53:32
post,fq1tkx,"During the last two months of 2019, 8000 5G Base Stations were Deployed in Wuhan China",lam-11,2,5G Deployment,"Wuhan China is China’s first 5G smart city and also the location of China’s first 5G highway.  It is also the epicenter of the horrendous coronavirus epidemic.  During 2019, approximately 10,000 5G antennae were put up and turned on in Wuhan, with approximately 8000 of these put up in the last 2 ½ month of 2019.  That 2 1/2 month period was also the approximate time period during which the coronavirus epidemic including the death rate became much worse.  All of this might be coincidental and it might seem unlikely that 5G radiation might be greatly exacerbating the coronavirus epidemic.  But consider the following:  Five downstream effects produced following EMF exposures have important roles in causing coronavirus infections, including the release of new virions so that they can infect other cells and other people, excessive intracellular calcium, oxidative stress, NF-kappaB elevation, inflammation and apoptosis.  The predominant cause of death of the coronavirus epidemic is pneumonia and pneumonia is also exacerbated by these same five downstream effects following EMF exposure.  Therefore, what may have appeared to be very unlikely, is actually very plausible based on known mechanisms. 

Dr. Martin Pall

[https://drive.google.com/file/d/1ojIE24GOLmSeDgImDdo\_MH8Bcf7WU7KZ/view](https://drive.google.com/file/d/1ojIE24GOLmSeDgImDdo_MH8Bcf7WU7KZ/view)",2020-03-27 17:54:40
comment,fq1tkx,"Commento su: During the last two months of 2019, 8000 5G Base Stations were Deployed in Wuhan China",earthcomedy,1,N/A,"Nice post. I read one of the linked articles on DIGITAL radiation in a protected area in Australia. That's a good data point. Thanks for posting this. Know about Pall from various documentaries / websites / books.

So...I like to call - digital - DIEgital....there's a lot with the DI/DE/DIA word / sound root. But really..that is a totally different story....not for this Reddit. Just one of many cans of worms I've opened in the past 20 years.

So...as a baseline I think we can say when the time comes (15-20 years), we will roll back and eliminate all DIEgital wireless towers. And ANALOG towers will be controlled / limited / re-evaluated. Perhaps in time I will post some videos of me measuring radiation in different parts of the world in all sorts of places. We'll see.

Easy for a Reddit to get overwhelmed with articles that will get lost. 

Added flair on your two posts.  Need to improve the flairing in this Reddit.  Like to be as organized as a German / Japanese here, but with the flexibility of an American - something like that. Best of both worlds / mindsets....",2020-03-27 20:14:00
post,fpztzq,Starbucks Store Count: 1994-2013 - mirrors rise of DIGITAL radiation - Why are people drinking more caffeine these days? What is caffeine?,earthcomedy,1,Health Effects,N/A,2020-03-27 16:17:50
comment,fpztzq,Commento su: Starbucks Store Count: 1994-2013 - mirrors rise of DIGITAL radiation - Why are people drinking more caffeine these days? What is caffeine?,earthcomedy,1,N/A,"[www.caffeineinformer.com](https://www.caffeineinformer.com)

Nice website...but that doesn't tell the full story either... keep asking questions and seeking answers beyond the first 5 hits of a search engine! Use different search terms. NEGATIVE, not just positive terms.",2020-03-27 17:40:01
post,fpq4dq,"Coronavirus Could Be a 'Chimera' of Two Different Viruses, Genome Analysis Suggests - Science Alert - Mar 2020",earthcomedy,2,Origins,N/A,2020-03-27 03:50:48
post,fpn90m,Documentary - How We Are Killing Ourselves (Israeli TV show) w/ English subtitles,earthcomedy,1,Documentary,N/A,2020-03-27 00:36:42
post,fplbmu,Coronavirus Italy: Did Lombardy have cases of it LAST YEAR? - Daily Mail - Mar 2020,earthcomedy,1,Origins,N/A,2020-03-26 22:39:01
comment,fplbmu,Commento su: Coronavirus Italy: Did Lombardy have cases of it LAST YEAR? - Daily Mail - Mar 2020,earthcomedy,1,N/A,DM of course is known for sensationalizing things...but they do have legitimate articles...we'll see.,2020-03-26 22:40:21
post,fpkg8n,Book - Invisible Rainbow,earthcomedy,1,Book,N/A,2020-03-26 21:49:31
comment,fpkg8n,Commento su: Book - Invisible Rainbow,None,1,N/A,[deleted],2020-04-04 19:22:01
comment,fpkg8n,Commento su: Book - Invisible Rainbow,earthcomedy,1,N/A,"His research is impeccable and very comprehensive.

[https://www.amazon.com/gp/customer-reviews/RNKEWPM7DHDPZ/ref=cm\_cr\_dp\_d\_rvw\_btm?ie=UTF8&ASIN=1645020096](https://www.amazon.com/gp/customer-reviews/RNKEWPM7DHDPZ/ref=cm_cr_dp_d_rvw_btm?ie=UTF8&ASIN=1645020096)

I wrote this review. I just left a comment with a link back to here as proof. It's showing now.

I disagree with him on certain things re: EMF with him. He is emotionally blind to a big one (As everyone is, and I was..until I started investigating)   ...but that isn't directly health related.   That's ok...we all are until we start cleaning out our emotional house. Lots of deception in the world. I'm not infallible either (of course...as I've stated - about eating crow).

I'll try to remember to post a graph supporting his view of flu being electric in nature. The graph is in his book. Already did post it in a Coronavirus forum months ago....not too much interest. Didn't really provide context back in late Jan or early Feb.",2020-04-05 00:03:29
post,fpe212,"Resident Evil: Extinction (#3) - Crows attack clip [To solve this mystery and stay healthy - must learn ""to eat crow"" -- about anything you think you know or believe]",earthcomedy,2,N/A,N/A,2020-03-26 16:03:33
comment,fpe212,"Commento su: Resident Evil: Extinction (#3) - Crows attack clip [To solve this mystery and stay healthy - must learn ""to eat crow"" -- about anything you think you know or believe]",earthcomedy,1,N/A,"Been eating crow here about many things for many, many years.  Sometimes it was easy, sometimes it was more difficult.  How much crow are you willing to eat?

What are you wrong about? What is society wrong about?

What do you think you know - with 100% certainty?

How is your life experience different than those around you? The world at large?

How is your accumulated knowledge different / similar than those around you?

Ok to have positions, but don't be wedded to them....more on having a flexible mind / heart another day....\[year really\].",2020-03-26 16:15:12
post,fpczf4,Scientists have tracked 40 mutations of coronavirus - in Iceland alone - Mar 2020,earthcomedy,1,N/A,[https://translate.google.com/translate?depth=2&nv=1&rurl=translate.google.com&sl=da&sp=nmt4&tl=en&u=https://www.information.dk/indland/2020/03/forskere-sporet-40-mutationer-coronavirus-alene-paa-island](https://translate.google.com/translate?depth=2&nv=1&rurl=translate.google.com&sl=da&sp=nmt4&tl=en&u=https://www.information.dk/indland/2020/03/forskere-sporet-40-mutationer-coronavirus-alene-paa-island),2020-03-26 15:02:51
post,fpcy70,Wi-Fi: A New Trend in Senior Living - Apr 2015,earthcomedy,1,Microwaves,N/A,2020-03-26 15:00:54
comment,fpcy70,Commento su: Wi-Fi: A New Trend in Senior Living - Apr 2015,earthcomedy,1,N/A,"Linked article. 

[http://seniorhousingnews.com/2014/07/01/tech-savvy-residents-not-settling-for-computer-labs-in-senior-living/](http://seniorhousingnews.com/2014/07/01/tech-savvy-residents-not-settling-for-computer-labs-in-senior-living/)

In fact, overall tablet ownership among seniors has risen from 2% in 2010 to 25% this year, research shows. 

....

In the last five years, the number of seniors going online from their phone has quadrupled from 7% in 2009 to 29% today.",2020-03-26 15:01:49
post,fp32gb,Documentary - Full Signal,earthcomedy,2,Documentary,N/A,2020-03-26 01:57:09
post,fp474c,Professor repeats warning coronavirus may have hit Italy last year - SCMP - Mar 2020,earthcomedy,1,Origins,N/A,2020-03-26 03:14:32
post,fp30t2,Italian doctors saw ‘strange pneumonia’ in Lombardy in November - SCMP - Mar 2020,earthcomedy,1,Origins,N/A,2020-03-26 01:53:57
comment,fp30t2,Commento su: Italian doctors saw ‘strange pneumonia’ in Lombardy in November - SCMP - Mar 2020,earthcomedy,1,N/A,"What if 5G caused something in Italy, but it was identified and exploded in severity in China first? What if 5G caused something in multiple places?",2020-03-26 01:55:13
post,fp2ko2,"Stealth Concealment photo gallery - disguised antennas [California is the #1 market for concealment. This company alone has 50,000+ installations]",earthcomedy,1,5G Deployment,N/A,2020-03-26 01:24:25
comment,fp2ko2,"Commento su: Stealth Concealment photo gallery - disguised antennas [California is the #1 market for concealment. This company alone has 50,000+ installations]",earthcomedy,1,N/A,"That's 50,000+ installations worldwide...last I read. Forget if they revealed the % in California.",2020-03-26 01:56:32
post,fp21b2,"Invisible sites: Underground vault sites (Manholes) with Swisscom [Wow, so inventive!]",earthcomedy,1,5G Deployment,N/A,2020-03-26 00:49:46
comment,fp21b2,"Commento su: Invisible sites: Underground vault sites (Manholes) with Swisscom [Wow, so inventive!]",earthcomedy,1,N/A,"Yes, Switzerland is a leader in telecom...oh and a leader in Coronavirus / COVID-19 too! (Per capita)

Remember, it's all good! Only talk about the positive! Thank you Dale Carn-a-GEY!  Win Friends & Influence People!",2020-03-27 02:39:42
post,fokh84,Ookla 5G World Map,earthcomedy,1,5G Deployment,N/A,2020-03-25 04:56:05
post,fokgvm,5G in New York City - lots of cases there now...leading the USA. Let's take a closer look...from a 5G perspective,earthcomedy,0,5G Deployment,"NYC has a lot of people, and it gets out sized attention due to the concentration of wealth / international organizations / history.  So...that also means, telecom marks it as an important market. 

This race to 5G is one where you don't want to be first in line, nor second, nor third....

NYC is famous for sky high real estate prices. How's that market going to do now? Who wants to move to New York City now?  (Excessive) Greed is and will be punished!

Late 2019 / early 2020 articles

[https://www.theverge.com/2019/9/19/20873652/verizon-5g-new-york-city-manhattan-brooklyn-bronx-queens](https://www.theverge.com/2019/9/19/20873652/verizon-5g-new-york-city-manhattan-brooklyn-bronx-queens)

[https://newsroom.sprint.com/sprint-lights-up-true-mobile-5g-in-new-york-city.htm](https://newsroom.sprint.com/sprint-lights-up-true-mobile-5g-in-new-york-city.htm)

[https://www.pcmag.com/news/in-new-york-t-mobile-shows-what-5g-coverage-can-look-like](https://www.pcmag.com/news/in-new-york-t-mobile-shows-what-5g-coverage-can-look-like) \- nice coverage map

[https://about.att.com/story/2019/5g\_in\_nyc.html](https://about.att.com/story/2019/5g_in_nyc.html)",2020-03-25 04:55:17
post,fn7sba,"Coronavirus Exposed, Part 1: Communist Coverup, or Pandemic Bioweapon of Mass Destruction? - Medium",earthcomedy,2,Origins,N/A,2020-03-22 21:38:44
post,fn5g4q,Wireless Radiation Meter Comparison - Quick Review - 9CI,earthcomedy,3,Microwaves,N/A,2020-03-22 19:25:51
post,fn24g2,Documentary - Resonance: Beings of Frequency,earthcomedy,3,Documentary,N/A,2020-03-22 16:15:18
post,fn40s4,Are there 100+ strains of COVID-19 now? [How are you going to vaccinate / fight against all the variations? Unless.....],earthcomedy,2,Flu,N/A,2020-03-22 18:06:21
comment,fn40s4,Commento su: Are there 100+ strains of COVID-19 now? [How are you going to vaccinate / fight against all the variations? Unless.....],earthcomedy,1,N/A,you know what they all have in common.....,2020-03-22 18:16:14
post,fn28es,Book - Electronic Silent Spring,earthcomedy,2,Book,N/A,2020-03-22 16:21:57
post,fmqxyv,"Wi-Fi at Life Care Center of Kirkland,WA, USA (1st death in USA connected to this facility. 35+ of USA deaths now / out of ~300 as of this post)",earthcomedy,2,Microwaves,N/A,2020-03-22 01:02:27
comment,fmqxyv,"Commento su: Wi-Fi at Life Care Center of Kirkland,WA, USA (1st death in USA connected to this facility. 35+ of USA deaths now / out of ~300 as of this post)",earthcomedy,1,N/A,Free microwave irradiation! 24 / 7! Come & get it!,2020-03-22 01:03:02
comment,fmqxyv,"Commento su: Wi-Fi at Life Care Center of Kirkland,WA, USA (1st death in USA connected to this facility. 35+ of USA deaths now / out of ~300 as of this post)",earthcomedy,1,N/A,[https://lcca.com/locations/wa/kirkland/services](https://lcca.com/locations/wa/kirkland/services),2020-03-22 01:09:10
comment,fmqxyv,"Commento su: Wi-Fi at Life Care Center of Kirkland,WA, USA (1st death in USA connected to this facility. 35+ of USA deaths now / out of ~300 as of this post)",earthcomedy,1,N/A,[https://www.kuow.org/stories/nine-crucial-days-without-local-medical-staff-help-life-care-had-to-wait-on-a-federal-strike-team?preview=true](https://www.kuow.org/stories/nine-crucial-days-without-local-medical-staff-help-life-care-had-to-wait-on-a-federal-strike-team?preview=true),2020-03-22 01:10:42
comment,fmqxyv,"Commento su: Wi-Fi at Life Care Center of Kirkland,WA, USA (1st death in USA connected to this facility. 35+ of USA deaths now / out of ~300 as of this post)",phonetwophone,1,N/A,"Can you comment on how 5G connects with coronavirus symptoms or at worst death? I’m seeing the conspiracy about 5G, I just don’t understand the connection?",2020-03-22 04:21:31
comment,fmqxyv,"Commento su: Wi-Fi at Life Care Center of Kirkland,WA, USA (1st death in USA connected to this facility. 35+ of USA deaths now / out of ~300 as of this post)",earthcomedy,1,N/A,"Do you understand (generally) how we are electrical beings? Not just chemical.

I should post a clipart / cartoon image of this. Later, when I remember.",2020-03-22 04:36:04
comment,fmqxyv,"Commento su: Wi-Fi at Life Care Center of Kirkland,WA, USA (1st death in USA connected to this facility. 35+ of USA deaths now / out of ~300 as of this post)",earthcomedy,1,N/A,Do you drink caffeine? Eat chocolate?,2020-03-22 04:37:39
post,fmqto0,Wi-Fi at Italian Hospital in hard hit Lombardy region,earthcomedy,2,N/A,N/A,2020-03-22 00:54:35
comment,fmqto0,Commento su: Wi-Fi at Italian Hospital in hard hit Lombardy region,earthcomedy,1,N/A,"[https://www.smh.com.au/world/europe/in-italy-most-don-t-leave-lombardy-s-hard-hit-intensive-care-units-alive-20200318-p54bjp.html](https://www.smh.com.au/world/europe/in-italy-most-don-t-leave-lombardy-s-hard-hit-intensive-care-units-alive-20200318-p54bjp.html)

There's the original article. Holding up a wireless iPad.",2020-03-22 00:56:00
comment,fmqto0,Commento su: Wi-Fi at Italian Hospital in hard hit Lombardy region,earthcomedy,1,N/A,"Yup, get microwaved, while you try to recover. Not surprising. The strength of wi-fi in a particular room / proximity to a router, could be the difference between life & death, or short / longer recovery. 

Buy a meter, learn.....",2020-03-22 00:58:39
post,fmhgvd,Documentary - Generation Zapped,earthcomedy,1,Documentary,N/A,2020-03-21 16:19:48
post,fm8pm2,5G infrastructure will be built regardless of coronavirus concerns - CNBC - Feb 2020,earthcomedy,0,5G Deployment,N/A,2020-03-21 03:38:03
post,fkjgaw,Cruise Ship Outbreak (Norovirus mostly) Updates (1994-current) - US CDC (Centers for Disease Control) [What happened in 1994 again and in later years when reading about Norovirus on a cruise ship became 'normal'],earthcomedy,1,Health Effects,N/A,2020-03-18 04:08:33
post,fkb37s,Digital vs Analog signal,earthcomedy,1,Microwaves,N/A,2020-03-17 19:11:35
comment,fkb37s,Commento su: Digital vs Analog signal,Quagman,6,N/A,What are you trying to say with this?,2020-03-21 06:57:30
comment,fkb37s,Commento su: Digital vs Analog signal,earthcomedy,0,N/A,"Was going to write something there after I post something else. In time.... I do have other commitments.  I could comment on many of the articles I posted, but don't have time for that. This is just a place to organize some thoughts.

Some Redditors immediately vote down something if it isn't entirely clear rather than questioning...like you! :)   

Digital radiation / waveform is NOT natural.....best seen by understanding the electrical / bioelectric (?) wave forms in our body. I will post a graphic about that later.  We absorb these digital waves....if you are in the right state of health, you can feel this artificial pulsing.",2020-03-21 15:20:24
post,fjwgmt,"Bird Flu - Hong Kong, 1997 - from book - Bird Flu, a Virus of Our Own Hatching",earthcomedy,3,Flu - Animal,N/A,2020-03-17 01:20:01
post,finv19,"Venues with 5G coverage in Wuhan now - Hubei, China Govt - Aug 2019 [Notes Fazhan Avenue - street / ring road with Huanan Seafood Market]",earthcomedy,3,Origins,N/A,2020-03-14 19:22:03
post,finxt7,Huanan Seafood Market Location - Google Maps,earthcomedy,2,Origins,N/A,2020-03-14 19:26:41
post,fi11wj,China’s first confirmed Covid-19 case traced back to November 17 - SCMP - Mar 2020,earthcomedy,3,Origins,N/A,2020-03-13 15:06:55
post,fi1edg,5G commercial network in 2019 world coverage map - 5G country list - 5G networks around the world,earthcomedy,2,5G Deployment,N/A,2020-03-13 15:29:12
post,fhpf4b,Pepsi is acquiring energy drink maker Rockstar in a $3.85 billion deal - USA Today - Mar 2020,earthcomedy,3,Health Effects,N/A,2020-03-12 22:57:14
comment,fhpf4b,Commento su: Pepsi is acquiring energy drink maker Rockstar in a $3.85 billion deal - USA Today - Mar 2020,earthcomedy,1,N/A,"Rockstar - started in 2001.  Shortly after wireless took off.

Caffeine is a pain-reliever. Masks damage / pain from wireless radiation exposure.",2020-03-16 05:57:12
post,fhmv7p,The BEST NEWS re CΟRΟNΑ VΙrus you've heard all month! Kinda - Dana Ashlie - Youtube,earthcomedy,3,Health Effects,N/A,2020-03-12 20:21:17
comment,fhmv7p,Commento su: The BEST NEWS re CΟRΟNΑ VΙrus you've heard all month! Kinda - Dana Ashlie - Youtube,earthcomedy,1,N/A,"A little too much on the ""conspiracy"" side, but some insights in the first half.  Stopped watching at that point. YMMV.

Update: Now have watched the rest. She talks about vaccines quite a bit.",2020-03-12 23:26:02
comment,fhmv7p,Commento su: The BEST NEWS re CΟRΟNΑ VΙrus you've heard all month! Kinda - Dana Ashlie - Youtube,earthcomedy,1,N/A,"She also goes on and bases her view on 60 Ghz. There is one problem with her thought though -- most (all) 5G implementations ARE NOT 60 Ghz!

Also Iran, for example, does not have 5G.

What she is missing is that it doesn't matter the frequency so much as the sheer amount of radiation. at whatever frequency. DIGITAL radiation.

But kudos to her for her research on Princess Cruises - MedallionNet, I was unaware of that. Also, 60 Ghz spectrum, is also new to me.  Magnetobiology as  a term is also new to me.",2020-03-18 06:54:35
comment,fhmv7p,Commento su: The BEST NEWS re CΟRΟNΑ VΙrus you've heard all month! Kinda - Dana Ashlie - Youtube,earthcomedy,1,N/A,"Example of 5G Spectrum auction for Italy. Note - nothing about 60 Ghz.

[https://www.mobileworldlive.com/featured-content/home-banner/operators-splash-e6-5b-in-italy-5g-spectrum-auction/](https://www.mobileworldlive.com/featured-content/home-banner/operators-splash-e6-5b-in-italy-5g-spectrum-auction/)

Asia - nothing about 60 Ghz

[https://www.mobileworldlive.com/asia/asia-news/china-releases-5g-spectrum-to-state-run-operators/](https://www.mobileworldlive.com/asia/asia-news/china-releases-5g-spectrum-to-state-run-operators/)

[https://blog.telegeography.com/5g-spectrum-auctions-in-eastern-asia-china-japan-south-korea-taiwan-macau-hong-kong](https://blog.telegeography.com/5g-spectrum-auctions-in-eastern-asia-china-japan-south-korea-taiwan-macau-hong-kong)

[https://www.fiercewireless.com/wireless/china-reserves-spectrum-for-5g-says-more-low-band-frequencies-coming-report](https://www.fiercewireless.com/wireless/china-reserves-spectrum-for-5g-says-more-low-band-frequencies-coming-report)

&#x200B;

&#x200B;

60 Ghz Wi-fi 802.11ay

[https://5globalnews.com/qualcomm-60ghz-chipssets-for-5g-available-now/](https://5globalnews.com/qualcomm-60ghz-chipssets-for-5g-available-now/)",2020-03-18 16:30:05
post,ff50zr,Coronavirus myths debunked: it was not caused by 5G or a lab - Dailymail - Mar 2020,earthcomedy,3,Flu,N/A,2020-03-08 01:17:10
comment,ff50zr,Commento su: Coronavirus myths debunked: it was not caused by 5G or a lab - Dailymail - Mar 2020,earthcomedy,1,N/A,"DM is famous for paid articles. PR people in ""telecom presumably"" are already hard at work trying to squash the idea the 5G - COVID link.  By associating the clearly ridiculous with a plausible idea. The most viewed 5G-COVID link probably comes from a Youtube blogger - Dana Ashlie. Will post one of her videos.  Though I was talking about it well before her video came out.",2020-03-08 01:20:01
post,ff166r,Timeline of Events,earthcomedy,3,N/A,"1889 - Flu pandemic

1918 - Spanish Flu - 50 million+ dead globally

&#x200B;

1994 - GSM is introduced. DIGITAL radiation. Limited adoption.

1994 - CDC starts tracking Norovirus

1996 - Digital wireless networks take off around the world.

1996 - GSM implemented in Hong Kong

1997 - Bird flu crosses to humans in Hong Kong. Bird flu becomes a big deal in farms around the world, ever since.

Visit this website - and just search AVIAN FLU or BIRD FLU for each year...records going back to 2011.  Also search on [news.google.com](https://news.google.com). Or search by typing in NAME OF COUNTRY and AVIAN FLU...you're bound to find many entries.

[http://end-times-prophecy.org/animal-deaths-birds-fish-end-times.html](http://end-times-prophecy.org/animal-deaths-birds-fish-end-times.html)

2018 - China starts testing 5G. Search 2018 in this Reddit to find relevant story.

2018 - Pigs start dying of swine fever (flu) in China

2019 - 5G goes live in China \[But remember, plenty of testing prior\]

[https://www.cnn.com/2019/11/01/tech/5g-china/index.html](https://www.cnn.com/2019/11/01/tech/5g-china/index.html)

2019 - Hundreds of millions of pigs are reported dead. See relevant post links.

2019 - First 5G Smart Highway in Wuhan, Hubei

Nov.17, 2019 - First COVID-19 / Coronavirus patient.

&#x200B;

&#x200B;",2020-03-07 20:40:57
comment,ff166r,Commento su: Timeline of Events,earthcomedy,1,N/A,"This timeline of events is subject to change especially with the mystery re: origin of COVID-19 (Italy - strange pneumonia).

Many things I could add in...we'll see. Maybe that is better in a book.",2020-03-26 03:08:04
post,fewlt6,African swine fever: an unprecedented disaster and challenge to China - Infectious Diseases of Poverty - Oct 2018,earthcomedy,3,Flu - Animal,N/A,2020-03-07 15:30:45
post,fewb48,China to start testing 5G in 16 major cities · TechNode - Apr 2018,earthcomedy,2,5G Deployment,N/A,2020-03-07 15:08:20
post,few1rt,"China expects over 550,000 5G base stations running by 2020 - Line Today - Mar 2020",earthcomedy,2,5G Deployment,N/A,2020-03-07 14:48:29
post,few0oj,Pig Cull - China - Nov 2018,earthcomedy,1,Flu - Animal,N/A,2020-03-07 14:46:08
post,few08u,Pig Cull - China - Feb 2020,earthcomedy,1,Flu - Animal,N/A,2020-03-07 14:45:06
post,fevztb,Pig Cull China - Youtube Search,earthcomedy,1,Flu - Animal,N/A,2020-03-07 14:44:04
post,fevxxw,Pig Cull - China - Mar 2019,earthcomedy,1,Flu - Animal,N/A,2020-03-07 14:40:00
comment,fevxxw,Commento su: Pig Cull - China - Mar 2019,earthcomedy,1,N/A,"Removed by Youtube for violating policy on violent or graphic content!

WTF?

It's just reality. Whatever Youtube!  

&#x200B;

Might be available on Liveleak or another Youtube video. Not sure.",2020-03-21 05:12:43
comment,fevxxw,Commento su: Pig Cull - China - Mar 2019,earthcomedy,1,N/A,"[https://www.youtube.com/watch?v=\_vBL5oIjkbs](https://www.youtube.com/watch?v=_vBL5oIjkbs)

Different one...similar footage.  Downloaded it, so can always reupload to non Youtube site if necessary.",2020-03-21 05:19:02
post,fenojn,Princess Cruises - MedallionNet - The Best Wi-Fi at Sea - March 2020,earthcomedy,3,5G Deployment,N/A,2020-03-07 01:10:08
comment,fenojn,Commento su: Princess Cruises - MedallionNet - The Best Wi-Fi at Sea - March 2020,earthcomedy,2,N/A,"Many have heard of the issues with the Diamond Princess.  Here's another one:

The Ruby Princess.

[https://www.theguardian.com/world/2020/mar/21/ruby-princess-logged-158-cases-of-illness-before-passengers-disembarked-without-coronavirus-testing](https://www.theguardian.com/world/2020/mar/21/ruby-princess-logged-158-cases-of-illness-before-passengers-disembarked-without-coronavirus-testing)

Another one of the ships also had an issue - Grand Princess. All those ships have the upgraded Wi-Fi!

&#x200B;

[https://www.usatoday.com/story/news/investigations/2020/03/20/before-coronavirus-princess-cruises-saw-outbreaks-alarming-rates/5047508002/](https://www.usatoday.com/story/news/investigations/2020/03/20/before-coronavirus-princess-cruises-saw-outbreaks-alarming-rates/5047508002/)",2020-03-21 17:59:29
post,fenk2t,Veteran MD Drops Bombshell About 5G Technology Dangers At 5G Hearing - Oct 2018,earthcomedy,3,Health Effects,N/A,2020-03-07 01:00:43
comment,fenk2t,Commento su: Veteran MD Drops Bombshell About 5G Technology Dangers At 5G Hearing - Oct 2018,isopropylalcohol41,1,N/A,"Wellness Mama podcast, some info on 5G: [https://www.youtube.com/watch?time\_continue=544&v=8UGAuBNUZ7k&feature=emb\_logo](https://www.youtube.com/watch?time_continue=544&v=8UGAuBNUZ7k&feature=emb_logo)

Can also be viewed here:

[https://www.defendershield.com/wellness-mama-podcast-protect-yourself-family-5g-emfs](https://www.defendershield.com/wellness-mama-podcast-protect-yourself-family-5g-emfs)",2020-04-12 08:25:18
post,fdvkzt,China could release emergency pork reserves after losing 100 million pigs to swine fever - CNN - Sept 2019,earthcomedy,1,Flu - Animals,N/A,2020-03-05 13:56:17
post,fdvk43,"LG Uplus targets 50,000 5G base stations by June - Transcom Instruments - May 2019",earthcomedy,1,5G Deployment,N/A,2020-03-05 13:54:17
post,fdnv8s,How a Microwave Oven Works - Engineering Guy,earthcomedy,2,Microwaves,N/A,2020-03-05 01:53:44
post,fdnla0,5G Availability Around the World - Lifewire - Updated. As of this post - March 2020,earthcomedy,2,5G Deployment,N/A,2020-03-05 01:33:00
post,fdor84,Vodafone launches Italy's first 5G network - Halberd Bastion - June 2019,earthcomedy,1,5G Deployment,N/A,2020-03-05 03:01:38
comment,fdor84,Commento su: Vodafone launches Italy's first 5G network - Halberd Bastion - June 2019,earthcomedy,1,N/A," Vodafone announces, first in Italy, the launch of the 5G on a commercial network and lights up the first 5 cities with 5G technology: **Milan and 28 municipalities in the metropolitan area**, Rome, Turin, Bologna and Naples .  By 2021 the first 100 Italian cities and main tourist resorts will follow.",2020-03-05 03:05:02
post,fdo7ha,Samsung dominates Korea 5G deployments - Mobile World Live - Apr. 2019,earthcomedy,0,5G Deployment,N/A,2020-03-05 02:19:31
comment,fdo7ha,Commento su: Samsung dominates Korea 5G deployments - Mobile World Live - Apr. 2019,earthcomedy,1,N/A," The operators state the service is available in 85 cities, though *The Korea Herald* said about 85 per cent of the 5G base stations were located in six cities including Seoul, Busan and **Daegu**.",2020-03-05 02:19:50
post,fdn3kd,Cell phone headaches - Authorities investigate possible effects of new DIGITAL cellular phones - CNN - Nov. 1996,earthcomedy,1,Health Effects,N/A,2020-03-05 00:55:22
post,fdn185,China’s plan to build its first smart roads fully-covered by 5G networks in Beijing - SCMP - Oct.2019,earthcomedy,1,Smart Highway,N/A,2020-03-05 00:50:29
post,fdn08s,Commentary: Huge investments and 5G super highways. How China is powering ahead in the network race - Channel News Asia - Aug. 2019,earthcomedy,1,5G Deployment,N/A,2020-03-05 00:48:19
post,fdmz1f,China's first 5G smart highway project to launch in Hubei - China Daily - Feb. 2019,earthcomedy,1,5G Deployment,N/A,2020-03-05 00:45:40
post,fdmycw,"China says it built 130,000 5G base stations as of the end of 2019 - SCMP - Jan. 2020",earthcomedy,1,5G Deployment,N/A,2020-03-05 00:44:10
post,fdmxu1,Self-driving vehicles arrive in Wuhan - Sept. 2019,earthcomedy,1,5G Deployment,N/A,2020-03-05 00:43:10
