row,neutral,confusion,curiosity,approval,love,realization,disapproval,surprise,disappointment,annoyance,optimism,sadness,caring,fear,anger,excitement,desire,admiration,nervousness,joy,disgust,embarrassment,remorse,amusement,grief,relief,gratitude,pride
1,0.37536928057670593,0.34846657514572144,0.3374974727630615,0.06325553357601166,0.030681638047099113,0.028940735384821892,0.014147997833788395,0.011066324077546597,0.010590975172817707,0.010298351757228374,0.00866688136011362,0.004684811923652887,0.003426447045058012,0.00300280237570405,0.00275029381737113,0.0027416928205639124,0.0023987998720258474,0.001926753087900579,0.0018727265996858478,0.001792183262296021,0.001683706184849143,0.0013406542129814625,0.0013318025739863515,0.0009310981840826571,0.000620948791038245,0.000547663017641753,0.00021755894704256207,0.0001399163738824427
2,0.026179714128375053,0.002364927902817726,0.004063266329467297,0.00804178323596716,0.005824475083500147,0.01185648888349533,0.0073142326436936855,0.002987760817632079,0.06567135453224182,0.012737768702208996,0.0025427311193197966,0.9113719463348389,0.00893637165427208,0.004084508866071701,0.008454124443233013,0.0017336740856990218,0.0035452330484986305,0.009339905343949795,0.00387450004927814,0.005098938010632992,0.005706410389393568,0.001994486665353179,0.015567862428724766,0.005571771413087845,0.03693970665335655,0.001819252036511898,0.004050727467983961,0.0004956847405992448
3,0.7965570688247681,0.12628670036792755,0.0942307561635971,0.06749140471220016,0.0013294682139530778,0.01910976506769657,0.006731132976710796,0.001833555637858808,0.0027603786438703537,0.0062302108854055405,0.016636572778224945,0.0010843921918421984,0.0027189389802515507,0.0009466534247621894,0.000858074810821563,0.0014874069020152092,0.0021263661328703165,0.0016522399382665753,0.0005721589550375938,0.0007652799249626696,0.000873338954988867,0.0004160892858635634,0.00046115307486616075,0.0007886058883741498,0.0002636354183778167,0.0004012847493868321,0.0003875923284795135,0.00016428004892077297
4,0.9626225829124451,0.012660806998610497,0.0077067106030881405,0.009421632625162601,0.0012669390998780727,0.0070900809951126575,0.004117309581488371,0.0017575793899595737,0.003413362894207239,0.007019651588052511,0.002251132857054472,0.002121027559041977,0.000891201023478061,0.0013616294600069523,0.002241916488856077,0.001625114819034934,0.001045482000336051,0.0020955128129571676,0.00042245653457939625,0.0010011250851675868,0.0018511253874748945,0.000706931168679148,0.0003597616741899401,0.0017612047959119081,0.00043849300709553063,0.00023265311028808355,0.0006201146170496941,0.00017617172852624208
5,0.3881573975086212,0.36838072538375854,0.5367398858070374,0.007037326227873564,0.001181277446448803,0.004687727894634008,0.005550219677388668,0.0037771896459162235,0.003480836283415556,0.01348793599754572,0.004411980975419283,0.0016257037641480565,0.002045431872829795,0.001440789899788797,0.0034302084241062403,0.001102446229197085,0.001680577639490366,0.0011183054884895682,0.0006131679401732981,0.0006421537837013602,0.001520838588476181,0.000748256454244256,0.00048606982454657555,0.0012497201096266508,0.0002920553379226476,0.0001397013256791979,0.0005146516487002373,5.2780065743718296e-05
6,0.41831809282302856,0.050177183002233505,0.026231881231069565,0.10653311014175415,0.0014775150921195745,0.628050684928894,0.004026080947369337,0.0232531800866127,0.0072492449544370174,0.008531756699085236,0.008718902245163918,0.004443369340151548,0.0017099620308727026,0.0030527478083968163,0.0012004480231553316,0.003623136319220066,0.0016354433028027415,0.004092974588274956,0.0030822076369076967,0.00336635485291481,0.0021907079499214888,0.0059973387978971004,0.0026262050960212946,0.0041950964368879795,0.0013450178084895015,0.0029818774200975895,0.001499330741353333,0.0010700037237256765
7,0.9473888278007507,0.00259368191473186,0.0012097947765141726,0.03702143207192421,0.0010667223250493407,0.019257893785834312,0.002030563773587346,0.0011751686688512564,0.00307050091214478,0.003348742378875613,0.0035365179646760225,0.0014555188827216625,0.0007204998400993645,0.0010653614299371839,0.0006255660555325449,0.0028717441018670797,0.0009682125528343022,0.005095397587865591,0.0004127764841541648,0.002093627117574215,0.001187957008369267,0.0004706967156380415,0.00032311995164491236,0.0016320196446031332,0.00031020567985251546,0.000623685191385448,0.001015300047583878,0.0004991117166355252
8,0.3935529887676239,0.02498515695333481,0.024388406425714493,0.15436168015003204,0.0018538180738687515,0.011587549932301044,0.2163325995206833,0.0006313027115538716,0.0064222607761621475,0.03372577577829361,0.03870220109820366,0.0042901118285954,0.42007389664649963,0.0015997879672795534,0.005323317833244801,0.001138788415119052,0.0027758674696087837,0.002802232513204217,0.0022776287514716387,0.0018474586540833116,0.0007491922588087618,0.0005657877773046494,0.0012149555841460824,0.0008766876417212188,0.0008579877321608365,0.0033009566832333803,0.0017394877504557371,0.00048286563833244145
9,0.7105696797370911,0.007016511633992195,0.0009709177538752556,0.07297176867723465,0.000694405403919518,0.1644197404384613,0.048443786799907684,0.001539804507046938,0.06617461889982224,0.029175104573369026,0.0068035610020160675,0.008356821723282337,0.0008975364617072046,0.0009112756815738976,0.0011469103628769517,0.00048341203364543617,0.0012695911573246121,0.001858831150457263,0.0010308679193258286,0.0013165953569114208,0.002008868381381035,0.0020666017662733793,0.0007680575945414603,0.0011452656472101808,0.0008052648627199233,0.0016838032752275467,0.0004794142150785774,0.000567329756449908
10,0.2655383050441742,0.25642338395118713,0.5836746096611023,0.01538920309394598,0.0015461243456229568,0.010736024007201195,0.021749570965766907,0.01075484324246645,0.009281828999519348,0.04474300146102905,0.0018858076073229313,0.0020399759523570538,0.001391880796290934,0.0031029977835714817,0.0052239056676626205,0.00214671203866601,0.0016142157837748528,0.004264217335730791,0.0014745634980499744,0.0007199475658126175,0.022735558450222015,0.007942783646285534,0.0007949603023007512,0.0018476106924936175,0.0005271884147077799,0.0002914917713496834,0.0005583870806731284,0.00014652192476205528
11,0.664086639881134,0.2001776099205017,0.04278212785720825,0.12194247543811798,0.0008815461187623441,0.03189028427004814,0.057409580796957016,0.0015263945097103715,0.005607991013675928,0.011372098699212074,0.013045067898929119,0.0013119126670062542,0.0020119643304497004,0.000939435325562954,0.0012652212753891945,0.0008399747312068939,0.002179196570068598,0.0014452566392719746,0.0006759146926924586,0.0008323526126332581,0.0010130347218364477,0.0005124369054101408,0.00043757251114584506,0.0009185584494844079,0.0002553638187237084,0.0005137338885106146,0.00035095581552013755,0.00017661273886915296
12,0.47955596446990967,0.05919330567121506,0.10083922743797302,0.1721956878900528,0.0007914018351584673,0.02325911447405815,0.006103891413658857,0.004645138513296843,0.0013571609742939472,0.0053442190401256084,0.004526925273239613,0.0007492068689316511,0.002220304450020194,0.0005796492914669216,0.0007403080235235393,0.0049345847219228745,0.0009384404984302819,0.0033034079242497683,0.0005180246662348509,0.0023108567111194134,0.0005445427377708256,0.0003889915533363819,0.00033398522646166384,0.0005696284933947027,0.000280187203316018,0.0013862454798072577,0.013749799691140652,0.0003266290877945721
13,0.04813472926616669,0.2716882824897766,0.6164419054985046,0.10327491909265518,0.004291992634534836,0.012544507160782814,0.005248706322163343,0.00976478774100542,0.0018486152403056622,0.0030941939912736416,0.018506934866309166,0.0017601118888705969,0.006121890619397163,0.001454325276426971,0.0010801840107887983,0.014679951593279839,0.002686181105673313,0.2082253098487854,0.001120459521189332,0.0056266700848937035,0.0008919782703742385,0.0005968778277747333,0.0012469865614548326,0.002166633028537035,0.0008115500095300376,0.0020017961505800486,0.18839913606643677,0.0008372255251742899
14,0.3790707588195801,0.0033112026285380125,0.0014948707539588213,0.10896427929401398,0.0008848824072629213,0.0600791871547699,0.021174855530261993,0.007148106582462788,0.029057705774903297,0.007531192619353533,0.01224763598293066,0.0015425473684445024,0.0008370333234779537,0.0008331171120516956,0.0005924385623075068,0.003091903170570731,0.001366203767247498,0.5215848684310913,0.00038439323543570936,0.0017853413010016084,0.0015260486397892237,0.0013360121520236135,0.0005027944571338594,0.0006660503568127751,0.0006899589789099991,0.0026439325883984566,0.006955527234822512,0.004629076458513737
15,0.3302706182003021,0.2380688190460205,0.6728280782699585,0.00944322720170021,0.0014678695006296039,0.007315977476537228,0.009564760141074657,0.005889934953302145,0.011607100255787373,0.011632253415882587,0.0084082568064332,0.004802454262971878,0.003775203600525856,0.0025616686325520277,0.0024566175416111946,0.0015182580100372434,0.0025248622987419367,0.0018798976670950651,0.0012992703123018146,0.0007486044778488576,0.0015588024398311973,0.0011847137939184904,0.0010469690896570683,0.0011856304481625557,0.0005872952751815319,0.00023399232304655015,0.0003774725482799113,6.833594670752063e-05
16,0.06221698224544525,0.012026995420455933,0.016413528472185135,0.8310432434082031,0.00438179774209857,0.019520675763487816,0.004877729341387749,0.0022907876409590244,0.0014849549625068903,0.00354851596057415,0.038325998932123184,0.000896465964615345,0.005264686420559883,0.0012821453856304288,0.000809274148195982,0.020935706794261932,0.004050213843584061,0.10739098489284515,0.0007134002516977489,0.010467120446264744,0.0010702110594138503,0.00032582171843387187,0.0003815493546426296,0.003038649680092931,0.0003342276031617075,0.0033745798282325268,0.003585797967389226,0.0017715379362925887
17,0.8230621218681335,0.00570223992690444,0.004424311686307192,0.12480135262012482,0.00044526360579766333,0.019501129165291786,0.035211436450481415,0.002185855060815811,0.0033558590803295374,0.04179813712835312,0.00475496519356966,0.0006062684115022421,0.0013454451691359282,0.003013118403032422,0.0038564112037420273,0.003119191387668252,0.0008652638061903417,0.005316810682415962,0.0006085818167775869,0.0014152525691315532,0.004632632713764906,0.0008780650678090751,9.329990280093625e-05,0.0019591806922107935,0.0001925784454215318,0.0005958030233159661,0.00015469608479179442,0.0004021485219709575
18,0.7054923176765442,0.035780735313892365,0.09091833233833313,0.06368095427751541,0.05808151513338089,0.007096610032021999,0.00208660657517612,0.00438730139285326,0.0019201877294108272,0.0027486125472933054,0.005141769535839558,0.001413838122971356,0.0018795898649841547,0.0016989641590043902,0.0012446909677237272,0.013404258526861668,0.0023935851640999317,0.007674186024814844,0.0008364783716388047,0.00630254577845335,0.0007229497423395514,0.0002996526309289038,0.00035643912269733846,0.0008821838418953121,0.00030729538411833346,0.0005250237882137299,0.0002768090052995831,0.0002903504064306617
19,0.03839396685361862,0.8452423810958862,0.46086618304252625,0.030773485079407692,0.012805971316993237,0.062015973031520844,0.029040558263659477,0.03601992130279541,0.05539964511990547,0.02918264828622341,0.007418823428452015,0.09353820234537125,0.011648766696453094,0.2967565655708313,0.00955707486718893,0.010976688005030155,0.0031415666453540325,0.012407589703798294,0.17328764498233795,0.00954153761267662,0.008458122611045837,0.016564879566431046,0.011450717225670815,0.004652883391827345,0.009244036860764027,0.0037168830167502165,0.002904015127569437,0.000987386330962181
20,0.8461884260177612,0.0036969378124922514,0.002778134774416685,0.17892462015151978,0.0015177230816334486,0.03825509175658226,0.0028989592101424932,0.0013566033449023962,0.003490701550617814,0.002977365627884865,0.01838124915957451,0.0010592543985694647,0.0010188837768509984,0.0007130111334845424,0.00034918414894491434,0.005754353478550911,0.005301198456436396,0.004125652834773064,0.0005505129811353981,0.002768959617242217,0.0007623102283105254,0.0003112683189101517,0.00027946048066951334,0.0012605811934918165,0.00026226381305605173,0.0010730777867138386,0.0007329027284868062,0.0006010382785461843
21,0.1254827231168747,0.0037948035169392824,0.00757218711078167,0.008846469223499298,0.006630991119891405,0.010034352540969849,0.004648830741643906,0.0026161104906350374,0.018547285348176956,0.01811477728188038,0.029881253838539124,0.009054147638380527,0.0039949677884578705,0.0020327111706137657,0.004035418387502432,0.005066649988293648,0.7947583794593811,0.004784141201525927,0.0018451561918482184,0.003100382164120674,0.005804133135825396,0.0012782715493813157,0.0034681467805057764,0.00401287293061614,0.0011912317713722587,0.0008981922292150557,0.003061461728066206,0.0006933258846402168
22,0.5386853814125061,0.27054232358932495,0.27573293447494507,0.056945573538541794,0.001713960082270205,0.032552093267440796,0.004164974205195904,0.0046847607009112835,0.0028311347123235464,0.004808490630239248,0.018658433109521866,0.001418170053511858,0.0026577268727123737,0.0009577286546118557,0.0008227477082982659,0.0026211142539978027,0.003583817044273019,0.0021002956200391054,0.0008665249333716929,0.0013502833899110556,0.0005276257288642228,0.00042319815838709474,0.0005927876336500049,0.000983407604508102,0.00034110102569684386,0.00046908939839340746,0.0005850158631801605,0.00015718051872681826
23,0.02360478974878788,0.005833582952618599,0.0040859947912395,0.015867743641138077,0.0027286952827125788,0.028238102793693542,0.027176761999726295,0.00103942200075835,0.07901539653539658,0.11173919588327408,0.008637066930532455,0.11864212900400162,0.0073264227248728275,0.0011914904462173581,0.02995336800813675,0.0011430891463533044,0.004097009543329477,0.0015244103269651532,0.0025184517726302147,0.002296925988048315,0.010561859235167503,0.06550005078315735,0.6265683174133301,0.005571673158556223,0.0030139421578496695,0.0016372599638998508,0.014928750693798065,0.0007529304712079465
24,0.406465083360672,0.09910940378904343,0.02870863489806652,0.13913053274154663,0.002328495727851987,0.05194893851876259,0.02063850313425064,0.0034043185878545046,0.008777677081525326,0.00437375670298934,0.4827696979045868,0.001435588113963604,0.008138630539178848,0.0010729847708716989,0.0007018779870122671,0.0030294780153781176,0.014935126528143883,0.004785067401826382,0.0009218102786689997,0.0017839608481153846,0.0008292201091535389,0.0005872373003512621,0.001663130708038807,0.0008062188280746341,0.0004325644695200026,0.0010563692776486278,0.0019784821197390556,0.0006009603966958821
25,0.011098730377852917,0.004767293110489845,0.0018642870709300041,0.04124313220381737,0.0019484347430989146,0.018105102702975273,0.023791372776031494,0.005105535965412855,0.008441335521638393,0.0108434297144413,0.009145713411271572,0.0023600750137120485,0.002647683722898364,0.0005102044087834656,0.0017536701634526253,0.0064423405565321445,0.0049667865969240665,0.510969877243042,0.00035523722181096673,0.015925534069538116,0.0019416201394051313,0.0012529846280813217,0.0016933162696659565,0.0016388718504458666,0.0009419081034138799,0.008457175455987453,0.9335496425628662,0.0066124508157372475
26,0.32607394456863403,0.1537279635667801,0.3068048655986786,0.05766121670603752,0.0017094232607632875,0.037171974778175354,0.024662882089614868,0.015070760622620583,0.1286393404006958,0.02272101305425167,0.03222855180501938,0.0137676652520895,0.0032847465481609106,0.0026887129060924053,0.0017624316969886422,0.003480753628537059,0.007811190560460091,0.004486965946853161,0.0037861373275518417,0.0012005845783278346,0.0016890221741050482,0.0025835593696683645,0.0018392105121165514,0.0008440493838861585,0.0010786493076011539,0.0010392278200015426,0.00020122967544011772,0.00025070994161069393
27,0.23538166284561157,0.0013532857410609722,0.0005745909293182194,0.2734350562095642,0.001142146997153759,0.022466663271188736,0.09604686498641968,0.0007582364487461746,0.03091716766357422,0.31610414385795593,0.013691827654838562,0.0020761063788086176,0.007291479501873255,0.0006665667169727385,0.0378219299018383,0.0009945110650733113,0.0027178016025573015,0.04618139937520027,0.0003437234554439783,0.0013735153479501605,0.009488903917372227,0.0018912184750661254,0.0006506655481643975,0.0009722001850605011,0.0006487707141786814,0.002422101330012083,0.010578196495771408,0.003573732217773795
28,0.0934891477227211,0.0029599270783364773,0.00228566350415349,0.08329257369041443,0.003037429414689541,0.012363150715827942,0.0561450719833374,0.0009648214909248054,0.01008785329759121,0.016518855467438698,0.8076483607292175,0.0028765529859811068,0.21281057596206665,0.0017595330718904734,0.0049326298758387566,0.0013711752835661173,0.04955055192112923,0.009124801494181156,0.0008473961497657001,0.00151382468175143,0.0014594828244298697,0.0007267111795954406,0.0050433846190571785,0.0009678901988081634,0.0009650422143749893,0.002187298145145178,0.011770878918468952,0.0017449760343879461
29,0.6262363195419312,0.32446619868278503,0.015847770497202873,0.027505427598953247,0.002277832245454192,0.01256354060024023,0.014851853251457214,0.000938942248467356,0.006021546199917793,0.009272274561226368,0.01689103990793228,0.0011700396426022053,0.002246853895485401,0.0013845295179635286,0.0012939126463606954,0.002084683161228895,0.018587589263916016,0.001384374569170177,0.001079272711649537,0.0017492948099970818,0.0013630164321511984,0.0004512095474638045,0.000589388539083302,0.000786005926784128,0.00025462667690590024,0.00044402931234799325,0.0009178541949950159,0.0002400658413534984
30,0.5585376620292664,0.1027817577123642,0.06727834790945053,0.014173964969813824,0.0003678668290376663,0.015793466940522194,0.21241417527198792,0.004479508846998215,0.024501103907823563,0.08801744133234024,0.0035462251398712397,0.00254270201548934,0.001446593669243157,0.0008778432384133339,0.00735491095110774,0.0006092506228014827,0.0008568774210289121,0.0007416945300064981,0.0007572611793875694,0.0005508593749254942,0.002350024413317442,0.001764755230396986,0.00036644525243900716,0.0011179385473951697,0.00038919239887036383,0.0002656088618095964,0.00024344328267034143,9.959270391846076e-05
31,0.47469210624694824,0.05842271447181702,0.0027657723985612392,0.1198858991265297,0.0004476914764381945,0.03728197142481804,0.07420612871646881,0.0011123408330604434,0.01482166163623333,0.14264462888240814,0.007573337759822607,0.001336547895334661,0.0021444447338581085,0.0017334347357973456,0.01364101842045784,0.0006638874765485525,0.0022368801292032003,0.0013405387289822102,0.0010558415669947863,0.0009539142483845353,0.004004187881946564,0.0011521433480083942,0.00026649312349036336,0.0007554639014415443,0.00032787860254757106,0.0006874828250147402,0.0004475418827496469,0.00045611715177074075
32,0.7212046384811401,0.059041835367679596,0.003044485580176115,0.1400572806596756,0.00044579809764400125,0.029285892844200134,0.03227303549647331,0.0006195791065692902,0.005586631130427122,0.02606942504644394,0.010638704523444176,0.000858438725117594,0.0019683637656271458,0.0012727209832519293,0.0027683342341333628,0.00043206827831454575,0.001116861356422305,0.0013794932747259736,0.0005224555497989058,0.0005910905892960727,0.0018467289628461003,0.000542917987331748,0.00026448536664247513,0.0004525642725639045,0.0001948872668435797,0.0004497034242376685,0.00046613882295787334,0.0002616638957988471
33,0.9463722109794617,0.005157058592885733,0.0038011055439710617,0.013444170355796814,0.0009177348110824823,0.012628278695046902,0.002151623833924532,0.001971806399524212,0.0027361782267689705,0.00434608431532979,0.00621563196182251,0.002223001793026924,0.001179477316327393,0.0023263331968337297,0.0010554478503763676,0.007023933809250593,0.0035116684157401323,0.0011735315201804042,0.0009206788963638246,0.003257612232118845,0.0013183376286178827,0.0006517140427604318,0.00047025634557940066,0.0025064717046916485,0.0004957083729095757,0.0006013104575686157,0.0013866600347682834,0.00036231917329132557
34,0.4150571823120117,0.0011914983624592423,0.001338526839390397,0.1736793965101242,0.0018412715289741755,0.009714134968817234,0.009475355967879295,0.0004637904348783195,0.0013761831214651465,0.014215822331607342,0.03213391825556755,0.0015982419718056917,0.48887738585472107,0.002406796207651496,0.003296067239716649,0.002204162534326315,0.0020676827989518642,0.005240046884864569,0.001962336478754878,0.00519565399736166,0.0005351119325496256,0.0004241561400704086,0.0006758212693966925,0.0015780320391058922,0.0006154592847451568,0.0060691083781421185,0.002136366441845894,0.0011910178000107408
35,0.9604216814041138,0.0015971678076311946,0.001373268198221922,0.023958003148436546,0.0022414056584239006,0.008776652626693249,0.002727220067754388,0.000996096059679985,0.0038669307250529528,0.004811455495655537,0.0020915709901601076,0.0023129002656787634,0.0008024004637263715,0.0011903373524546623,0.0011821886291727424,0.003546319669112563,0.0015925741754472256,0.005429483950138092,0.00037658799556083977,0.002681278856471181,0.0018823775462806225,0.0006430573994293809,0.0003593429864849895,0.001917232759296894,0.00039958301931619644,0.0004986932035535574,0.0007268268382176757,0.0005056929076090455
36,0.3188250958919525,0.27355673909187317,0.20829612016677856,0.035005372017621994,0.0006828008336015046,0.02140534482896328,0.2697327136993408,0.008453677408397198,0.08634307235479355,0.10813023895025253,0.005494305863976479,0.005541895981878042,0.0027760337106883526,0.0028937358874827623,0.007635446731001139,0.0015478669665753841,0.0012898066779598594,0.0019653011113405228,0.0036279403138905764,0.0011779688065871596,0.0035643884912133217,0.005719329696148634,0.0008027335279621184,0.001016908441670239,0.0007560058729723096,0.0007370266830548644,0.00023827917175367475,0.0002105852763634175
37,0.5222586393356323,0.007935636676847935,0.0008935209480114281,0.03968992084264755,0.0009915309492498636,0.037504687905311584,0.47669553756713867,0.0010669647017493844,0.03658756613731384,0.034108757972717285,0.005580494180321693,0.0020049556624144316,0.0011032525217160583,0.000511695456225425,0.001832927344366908,0.0010261270217597485,0.004927013535052538,0.0023314906284213066,0.0005124557064846158,0.0014860682422295213,0.0023230654187500477,0.0013320499565452337,0.0005944745498709381,0.0014319432666525245,0.00030145555501803756,0.0009289528825320303,0.0008919133106246591,0.00042781472438946366
38,0.5372446179389954,0.003914264030754566,0.0012982813641428947,0.028942806646227837,0.000360228237695992,0.013626615516841412,0.34575149416923523,0.0010159217054024339,0.022179650142788887,0.24452824890613556,0.0034961546771228313,0.0020434551406651735,0.0029419101774692535,0.0007631959160789847,0.03732407093048096,0.00047505326801910996,0.0008620707667432725,0.0012465424370020628,0.00043351660133339465,0.0004570649180095643,0.0060238102450966835,0.0021408763714134693,0.0004187595332041383,0.0007350497180595994,0.00032652541995048523,0.0003841816505882889,0.0005864802515134215,0.000334768439643085
39,0.9318726062774658,0.002448544604703784,0.0006508996011689305,0.05552506819367409,0.0006321727414615452,0.033795733004808426,0.019495198503136635,0.0005599352880381048,0.009088974446058273,0.010033784434199333,0.00403957162052393,0.0038455219473689795,0.003324187360703945,0.0014582116855308414,0.0010320766596123576,0.0005970180500298738,0.0011397076305001974,0.001584042445756495,0.0008879902306944132,0.0013719616690650582,0.0015749720623716712,0.0007943246164359152,0.0005766447284258902,0.0009995416039600968,0.0005005946732126176,0.0015181278577074409,0.0007221719133667648,0.0004250958445481956
40,0.7226189970970154,0.09731045365333557,0.10266170650720596,0.07467379420995712,0.001031452906318009,0.05461551249027252,0.0028354551177471876,0.009449156932532787,0.006050394847989082,0.005879892501980066,0.004641606006771326,0.0038102001417428255,0.0010104755638167262,0.0032357650343328714,0.0007073116721585393,0.004882384091615677,0.0014706769725307822,0.002081862883642316,0.002825413830578327,0.0026532690972089767,0.0012465399922803044,0.0013382036704570055,0.0005739463958889246,0.0012139491736888885,0.0006980493781156838,0.0011527643073350191,0.00038117452641017735,0.00032455805921927094
41,0.9644069075584412,0.003479837439954281,0.0014171319780871272,0.016773216426372528,0.0015661565121263266,0.008595199324190617,0.004286011680960655,0.0009139833855442703,0.003593908157199621,0.006895284168422222,0.0018536010757088661,0.0021561833564192057,0.0008070297772064805,0.001375219551846385,0.0021745895501226187,0.0014307362725958228,0.0009942244505509734,0.0030086995102465153,0.00033120790612883866,0.0013010466936975718,0.002356600249186158,0.0007065496174618602,0.00035248161293566227,0.0017008649883791804,0.00040341675048694015,0.0003116840380243957,0.0007012422429397702,0.0002970621280837804
42,0.4513329267501831,0.0024791781324893236,0.00126866705249995,0.026260999962687492,0.0023378212936222553,0.05707280710339546,0.037806782871484756,0.0022374559193849564,0.5068828463554382,0.03182306885719299,0.007307244930416346,0.08221284300088882,0.0023123249411582947,0.0011831067968159914,0.0011871329043060541,0.001371977268718183,0.0032150137703865767,0.00288240984082222,0.0037781137507408857,0.003362060524523258,0.002065901644527912,0.004249632358551025,0.004269781056791544,0.0016841631149873137,0.002100426470860839,0.0036692058201879263,0.0007009812397882342,0.0006771961343474686
43,0.3456540107727051,0.013880372978746891,0.003697719657793641,0.293830931186676,0.0019085603998973966,0.030116066336631775,0.03813138231635094,0.0011073811911046505,0.006018687505275011,0.011125327087938786,0.01111032348126173,0.00041915394831448793,0.0010673047509044409,0.00036265572998672724,0.001169379334896803,0.0018357813823968172,0.0009959342423826456,0.47806018590927124,0.000162636031745933,0.001346709206700325,0.0015308004803955555,0.00046031689271330833,0.00022855811403132975,0.001251049223355949,0.0001953078608494252,0.0006310909520834684,0.002017213264480233,0.0014078437816351652
44,0.8253753185272217,0.004690834786742926,0.0017686497885733843,0.1518920660018921,0.0010314127430319786,0.028960609808564186,0.007275471463799477,0.0004771313106175512,0.0021509788930416107,0.010970575734972954,0.010595403611660004,0.0007897214964032173,0.0036637084558606148,0.0004909572890028358,0.0010179528035223484,0.003696231637150049,0.0017746699741110206,0.002077569952234626,0.000621020095422864,0.035943396389484406,0.0005525853484869003,0.00048142409650608897,0.0002666069776751101,0.011375262401998043,0.00024854199727997184,0.003717889776453376,0.0006303131231106818,0.0008905067224986851
45,0.9135298728942871,0.005920990835875273,0.0014063670532777905,0.052393507212400436,0.0004980511730536819,0.02491791732609272,0.008731052279472351,0.0014189090579748154,0.002439055358991027,0.004942575003951788,0.002317124977707863,0.0009617574396543205,0.0005585068138316274,0.0009568138630129397,0.0007432288839481771,0.0012907406780868769,0.0004467028775252402,0.0028175951447337866,0.00030983088072389364,0.001058555324561894,0.0013000748585909605,0.0006021953886374831,0.00024090433726087213,0.0015316606732085347,0.00023246021009981632,0.0004945061518810689,0.0009686097037047148,0.000318293459713459
46,0.4557856023311615,0.3775465786457062,0.006239633075892925,0.11039742082357407,0.0012882788432762027,0.06179959699511528,0.17544794082641602,0.0011877109063789248,0.016058113425970078,0.016187699511647224,0.024860328063368797,0.001798111479729414,0.0032183181028813124,0.0016574045876041055,0.0013497349573299289,0.0008530627237632871,0.00301634450443089,0.0017977348761633039,0.0018930671503767371,0.0021784272976219654,0.0016043420182541013,0.0011479755630716681,0.0009933534311130643,0.0012110203970223665,0.000349576206644997,0.0013141944073140621,0.0009967557853087783,0.0004001649213023484
47,0.729347288608551,0.11716456711292267,0.0391852967441082,0.11837843060493469,0.0013611328322440386,0.06244513764977455,0.006911377888172865,0.0030961257871240377,0.0033930970821529627,0.006385479122400284,0.0662805438041687,0.0007540301303379238,0.0016924346564337611,0.0014797343173995614,0.0008159532444551587,0.005306979175657034,0.00591267179697752,0.0025647603906691074,0.001033998210914433,0.0021618178579956293,0.001305034733377397,0.0006153196445666254,0.00047803629422560334,0.0024320208467543125,0.00028751749778166413,0.0008023405098356307,0.0005473459605127573,0.00045942459837533534
48,0.6998709440231323,0.13033366203308105,0.16200391948223114,0.05685563012957573,0.0007290102075785398,0.0298762284219265,0.01808047853410244,0.005163364578038454,0.015280920080840588,0.013869130983948708,0.011213298887014389,0.0030816656071692705,0.002610072959214449,0.0014941036934033036,0.0012516208225861192,0.0014303807402029634,0.0019471602281555533,0.0016710429918020964,0.0013811298413202167,0.0010392332915216684,0.0009751400211825967,0.001093479455448687,0.0006203865050338209,0.0007655151421204209,0.0004994436167180538,0.0007424618816003203,0.00020624915487132967,0.0001838723837863654
49,0.6603522896766663,0.1229855865240097,0.07700930535793304,0.12375405430793762,0.0008402145467698574,0.08614877611398697,0.013699300587177277,0.005412123631685972,0.017955999821424484,0.015392959117889404,0.016863537952303886,0.003861780045554042,0.0018741479143500328,0.0029353522695600986,0.0010950090363621712,0.002501955023035407,0.0019480081973597407,0.0022328661289066076,0.0026243736501783133,0.0015386862214654684,0.0017785649979487062,0.0018382935086265206,0.0007241519051603973,0.0009928562212735415,0.000665914558339864,0.001116698607802391,0.00016771942318882793,0.0003410342033021152
50,0.6124081611633301,0.003229686524719,0.00466145109385252,0.07259374111890793,0.00231675012037158,0.010693797841668129,0.004110368434339762,0.0005219657905399799,0.0035582948476076126,0.004608130548149347,0.18598167598247528,0.0009432430379092693,0.006023841444402933,0.000612964911852032,0.0008561751455999911,0.0030637357849627733,0.16762642562389374,0.003967840690165758,0.00037321646232157946,0.0015909478534013033,0.0007898705080151558,0.000195366344996728,0.0005435253260657191,0.0014668396906927228,0.0002699625911191106,0.0006091879331506789,0.0021484503522515297,0.0004952158196829259
51,0.9430122375488281,0.007079937495291233,0.0035244012251496315,0.024255678057670593,0.0005033528432250023,0.022296464070677757,0.0024618932511657476,0.00111674377694726,0.0025188219733536243,0.007674102671444416,0.003898498136550188,0.0011495797662064433,0.001058402587659657,0.000780438887886703,0.0010003409115597606,0.0013757409760728478,0.0012514109257608652,0.001471073366701603,0.0004424725193530321,0.0012102442560717463,0.0011180355213582516,0.0005049401079304516,0.0002850229502655566,0.0024329524021595716,0.00025181093951687217,0.0004006895760539919,0.0004395922878757119,0.0002402077807346359
52,0.2921307682991028,0.7288848757743835,0.33778440952301025,0.011983819305896759,0.0016451870324090123,0.008999329060316086,0.013543031178414822,0.00583009934052825,0.003779393620789051,0.01103885192424059,0.0036499123089015484,0.0014350578421726823,0.0018168212845921516,0.0014002976240590215,0.0020197404082864523,0.0015695759793743491,0.0012023751623928547,0.001645740820094943,0.0008006434072740376,0.0009827706962823868,0.0014304113574326038,0.0010661594569683075,0.0007978410576470196,0.001084433519281447,0.00027974677504971623,0.0002379842335358262,0.0011351099237799644,8.907183655537665e-05
53,0.7570406198501587,0.21854862570762634,0.11649772524833679,0.01870325393974781,0.0006853395025245845,0.023843685165047646,0.017543690279126167,0.0037717693485319614,0.008339212276041508,0.010415147989988327,0.0035479003563523293,0.004526147618889809,0.0017338680336251855,0.001753734308294952,0.0012543686898425221,0.0009277556673623621,0.0007450268603861332,0.0012854835949838161,0.001154802506789565,0.0008330619893968105,0.0011204242473468184,0.001140083302743733,0.0005487930029630661,0.0009128550882451236,0.0006420221761800349,0.00042048018076457083,0.0003311191685497761,0.00011893111513927579
54,0.8819858431816101,0.010921446606516838,0.001306151389144361,0.09131238609552383,0.0010057881008833647,0.056352950632572174,0.007740810513496399,0.0007211008341982961,0.0032627193722873926,0.0037572176661342382,0.006411647889763117,0.0011997027322649956,0.001054392079822719,0.0007751494413241744,0.0005776783800683916,0.0007008814136497676,0.0007735448307357728,0.0029641531873494387,0.00037230568705126643,0.0010589341400191188,0.0008287453092634678,0.0004163404810242355,0.00048101681750267744,0.0010480433702468872,0.00025049562100321054,0.0006665056571364403,0.0011370567372068763,0.00036276085302233696
55,0.5389341711997986,0.009651110507547855,0.019987748935818672,0.03304441273212433,0.0018221299396827817,0.08082281798124313,0.0040551950223743916,0.37644821405410767,0.007554956711828709,0.0072099450044333935,0.01450589019805193,0.002795151202008128,0.0012232186272740364,0.00255947676487267,0.001014815061353147,0.00981027539819479,0.001976632745936513,0.005964474752545357,0.001296524191275239,0.002742761978879571,0.002232722705230117,0.0018052514642477036,0.0005334868328645825,0.0026172141078859568,0.0010662819258868694,0.0016887849196791649,0.00040751544293016195,0.0006904605543240905
56,0.8428208231925964,0.013024375773966312,0.0010537002235651016,0.024888502433896065,0.0003700151573866606,0.03872877359390259,0.11342675238847733,0.0009488663054071367,0.015935460105538368,0.0317000076174736,0.0030175019055604935,0.0019890242256224155,0.0010107402922585607,0.0006968301022425294,0.0021530359517782927,0.00044696679105982184,0.0007295620744116604,0.00078615389065817,0.0005261758342385292,0.0009046001359820366,0.001431914628483355,0.0010152158793061972,0.00033255384187214077,0.0012623582733795047,0.00033194947172887623,0.0005757566541433334,0.000558475439902395,0.00022241762781050056
57,0.8125004172325134,0.0008824923424981534,0.0004897310864180326,0.01363027561455965,0.0004736025584861636,0.01586097665131092,0.018220558762550354,0.0008066145819611847,0.015143055468797684,0.1012486070394516,0.0021533044055104256,0.0061079659499228,0.0012741758255288005,0.0032561756670475006,0.014126483350992203,0.0006083500920794904,0.0013473012950271368,0.0007995417690835893,0.0005696833250112832,0.0009156617452390492,0.0286991149187088,0.005600455217063427,0.0008266604272648692,0.002730203326791525,0.0006255463813431561,0.0005257434095256031,0.0005896225338801742,0.0004455969319678843
58,0.8256418704986572,0.001383181312121451,0.0005836260388605297,0.20025435090065002,0.0012109257513657212,0.023443931713700294,0.007900048978626728,0.0003715506463777274,0.0027457973919808865,0.0038238167762756348,0.008631727658212185,0.0007344416226260364,0.0018967369105666876,0.00034890498500317335,0.0005527746980078518,0.0008013154147192836,0.0008307152311317623,0.008206529542803764,0.00017696924624033272,0.0008085654117166996,0.0009970074752345681,0.0002556464169174433,0.0003068006772082299,0.0007381066679954529,0.00017132714856415987,0.0007472182041965425,0.0021598716266453266,0.00045291168498806655
59,0.39793461561203003,0.19256889820098877,0.4772461950778961,0.1230715811252594,0.002679277677088976,0.026573514565825462,0.007010315079241991,0.008860456757247448,0.006289255805313587,0.009412398561835289,0.0073778354562819,0.002633137395605445,0.002409545471891761,0.0027713279705494642,0.0015525978524237871,0.006211659871041775,0.0016253229696303606,0.014055403880774975,0.00178622012026608,0.002232662169262767,0.002104233717545867,0.001233487157151103,0.0006276326603256166,0.0013625452993437648,0.0005869368324056268,0.00084178481483832,0.00025786945479921997,0.00031850626692175865
60,0.16457919776439667,0.8358393311500549,0.01047180313616991,0.05374841392040253,0.0037111155688762665,0.13519632816314697,0.027224985882639885,0.0025101869832724333,0.022012190893292427,0.01553684938699007,0.01167948916554451,0.005760719068348408,0.0033116654958575964,0.0034322224091738462,0.002487738849595189,0.0017964612925425172,0.0026749286334961653,0.0031835001427680254,0.00811382569372654,0.00880559254437685,0.0020720420870929956,0.0050606513395905495,0.004677677992731333,0.0035795082803815603,0.001024862751364708,0.002998536918312311,0.0040091220289468765,0.0009207499679178
61,0.20666112005710602,0.003014962188899517,0.0022165742702782154,0.024230265989899635,0.0017133548390120268,0.013739284127950668,0.004159094765782356,0.0008911929908208549,0.0016666679875925183,0.008276923559606075,0.007909996435046196,0.0010282505536451936,0.0014726199442520738,0.00037872689426876605,0.0014083875576034188,0.0020273891277611256,0.0013032176066190004,0.004996472969651222,0.0003592905413825065,0.03736695274710655,0.0009762168629094958,0.0009065610356628895,0.000499794608913362,0.8414244651794434,0.0002445014542900026,0.0010369379306212068,0.0010629830649122596,0.00037197573692537844
62,0.2306010127067566,0.009255394339561462,0.004542873706668615,0.010850782506167889,0.0004579039814416319,0.009723267517983913,0.03777312859892845,0.00444234861060977,0.017024869099259377,0.6768250465393066,0.004037680570036173,0.0010174661874771118,0.0010123024694621563,0.0014318956527858973,0.18054232001304626,0.0031095377635210752,0.0017514810897409916,0.0023754904977977276,0.0009872546652331948,0.0027046864852309227,0.05548379197716713,0.006515668239444494,0.00023460127704311162,0.025821086019277573,0.0002970460045617074,0.0004377949226181954,0.00047932760207913816,0.0006358220707625151
63,0.3124111592769623,0.5694425702095032,0.04832448065280914,0.07813268899917603,0.0013248584000393748,0.33429282903671265,0.014247182756662369,0.012677041813731194,0.01064722053706646,0.03010224923491478,0.014195756055414677,0.0017519962275400758,0.0013638325035572052,0.0027119338046759367,0.002626296365633607,0.002043776912614703,0.002088499953970313,0.0020123072899878025,0.0028746852185577154,0.0023951558396220207,0.003949085250496864,0.00618278281763196,0.0018230496207252145,0.0030306316912174225,0.0006643846281804144,0.0014747832901775837,0.001090102712623775,0.0005674554849974811
64,0.40100643038749695,0.43830448389053345,0.42625951766967773,0.005698499735444784,0.0008098057005554438,0.005356775131076574,0.015726633369922638,0.004392146598547697,0.004641832783818245,0.02132359892129898,0.0025162401143461466,0.001473521231673658,0.0014852250460535288,0.0010554669424891472,0.003952331375330687,0.0008603212772868574,0.0008574838284403086,0.0009495363919995725,0.0005373934400267899,0.000592358410358429,0.0016737545374780893,0.0011687636142596602,0.0005459300591610372,0.001380699104629457,0.0002810647711157799,0.00012297934154048562,0.000599519582465291,5.203283217269927e-05
65,0.5061671137809753,0.443313330411911,0.2217542827129364,0.014578331261873245,0.0005315002636052668,0.015869077295064926,0.11431960761547089,0.00990174151957035,0.04573550820350647,0.06005971133708954,0.005524769891053438,0.004119308199733496,0.001498064142651856,0.0037097069434821606,0.005612723529338837,0.0011628634529188275,0.0011151274666190147,0.001185199129395187,0.0021068276837468147,0.0007055763271637261,0.004182530101388693,0.003907359670847654,0.0006612183642573655,0.0012230252614244819,0.0006446236511692405,0.00033878767862915993,0.00027058232808485627,0.00012145452637923881
66,0.1120164692401886,0.003266687039285898,0.0006560626206919551,0.09161090850830078,0.0005243726191110909,0.058548226952552795,0.009827308356761932,0.0014153043739497662,0.006185959558933973,0.020807038992643356,0.0034519797191023827,0.0013953853631392121,0.0010699735721573234,0.0004555996274575591,0.0011954056099057198,0.0016195146599784493,0.0009465055773034692,0.0068015893921256065,0.00031425783527083695,0.0023627574555575848,0.002392461523413658,0.002100695390254259,0.001283752848394215,0.0010379899758845568,0.0004103653191123158,0.004634592216461897,0.7803425788879395,0.0016698756953701377
67,0.8777863383293152,0.0012028396595269442,0.0006005758768878877,0.06425870954990387,0.0004843389324378222,0.013019533827900887,0.0034564391244202852,0.0004995110211893916,0.0019982459489256144,0.005853736307471991,0.005060858093202114,0.0006197665934450924,0.001651142374612391,0.0003592660650610924,0.0007554128533229232,0.0016798210563138127,0.0010654228972271085,0.015648121014237404,0.00016936214524321258,0.0011929395841434598,0.001086246920749545,0.0004370593524072319,0.0003908812068402767,0.0008672105032019317,0.00019016348232980818,0.001042927848175168,0.01416487991809845,0.0009664070676080883
68,0.06816401332616806,0.0038736225105822086,0.00489435950294137,0.03136783093214035,0.0033712859731167555,0.020428266376256943,0.009275521151721478,0.0007150140008889139,0.029676180332899094,0.015331421047449112,0.006877449341118336,0.17732951045036316,0.01871471293270588,0.0011216551065444946,0.003928217571228743,0.0018700342625379562,0.02371644414961338,0.002572472672909498,0.003413104685023427,0.0063051446340978146,0.003337319241836667,0.019214371219277382,0.7076446413993835,0.0038032964803278446,0.004135169554501772,0.003893437096849084,0.007345239166170359,0.0011295349104329944
69,0.26587292551994324,0.0020643393509089947,0.0010796315036714077,0.10434362292289734,0.0005066859303042293,0.07465726882219315,0.07807976007461548,0.001916021341457963,0.04695083573460579,0.4646850526332855,0.0037213675677776337,0.005549998953938484,0.0018770688911899924,0.003608799772337079,0.05710971727967262,0.001128538977354765,0.0018266862025484443,0.001349520985968411,0.0013642897829413414,0.001175157492980361,0.038139745593070984,0.0206610094755888,0.0008425640407949686,0.0033421728294342756,0.0006260640802793205,0.0010626297444105148,0.00026144596631638706,0.0010353457182645798
70,0.020123498514294624,0.0029775286093354225,0.0017112779896706343,0.013600356876850128,0.006539877969771624,0.01869300752878189,0.003075233893468976,0.0021606055088341236,0.0030451819766312838,0.0059210434556007385,0.00949609000235796,0.00590389734134078,0.002244849456474185,0.0015264046378433704,0.0013593626208603382,0.007121644448488951,0.0035266680642962456,0.007235120050609112,0.0017620231956243515,0.23263469338417053,0.0015043455641716719,0.002003418281674385,0.0015658686170354486,0.8640148639678955,0.0007195254438556731,0.0034253739286214113,0.0025120358914136887,0.0008307112730108202
71,0.24489489197731018,0.13635127246379852,0.3259732723236084,0.06119008734822273,0.0025392009411007166,0.02421238087117672,0.049817051738500595,0.00406936090439558,0.2065831571817398,0.02441086247563362,0.00873494427651167,0.08504150062799454,0.005643018987029791,0.002930691931396723,0.001954110572114587,0.0024280641227960587,0.0042122662998735905,0.0033515619579702616,0.006558164022862911,0.002131265588104725,0.001923047355376184,0.004430539906024933,0.005548864137381315,0.0018260126234963536,0.002519998699426651,0.0014892584877088666,0.00020432214660104364,0.00022348517086356878
72,0.22727742791175842,0.003202399704605341,0.0010867189848795533,0.13019461929798126,0.001785274944268167,0.015734385699033737,0.6033869981765747,0.000687252264469862,0.024535106495022774,0.16918639838695526,0.006002719514071941,0.0020692890975624323,0.006089657545089722,0.0006913022953085601,0.03760841116309166,0.001377333072014153,0.0017777102766558528,0.026302708312869072,0.0003910246887244284,0.0014980377163738012,0.006004324182868004,0.0013182673137634993,0.0005276413285173476,0.0008122691651806235,0.00042707211105152965,0.0012822644785046577,0.0022687518503516912,0.0014130432391539216
73,0.42725610733032227,0.004809136502444744,0.0010999448131769896,0.18903978168964386,0.0007463034708052874,0.054220978170633316,0.17171473801136017,0.001880456111393869,0.04796716198325157,0.11314768344163895,0.011899767443537712,0.0009059379226528108,0.0014697144506499171,0.0004387267690617591,0.004162180703133345,0.0013602329418063164,0.001667013973928988,0.12944012880325317,0.0002914539654739201,0.0010398993035778403,0.004927242640405893,0.0016495953314006329,0.00045604651677422225,0.0008330763084813952,0.0003686961135827005,0.0014879954978823662,0.0019323215819895267,0.0022548125125467777
74,0.3780727982521057,0.40487638115882874,0.034000761806964874,0.02367928810417652,0.0015613038558512926,0.2157958596944809,0.011105453595519066,0.006614502985030413,0.07324644178152084,0.018511513248085976,0.013029164634644985,0.030609706416726112,0.002158596646040678,0.004373418167233467,0.0014150072820484638,0.0008896984509192407,0.0018040084978565574,0.0014804756501689553,0.007922342978417873,0.0013646217994391918,0.0026473815087229013,0.006645489949733019,0.004139707889407873,0.001791620277799666,0.0023392087314277887,0.001659546629525721,0.0007097116322256625,0.00037962605711072683
75,0.9455867409706116,0.004336790181696415,0.0015440087299793959,0.042259685695171356,0.0009859894635155797,0.02008984051644802,0.003785268636420369,0.0008112580981105566,0.002630816772580147,0.0033125279005616903,0.003294756170362234,0.0014989245682954788,0.0008115078671835363,0.0010564035037532449,0.0007255472592078149,0.0014528039610013366,0.0008518832619301975,0.003095251740887761,0.0003441116423346102,0.0013669495237991214,0.001074331346899271,0.0004018855979666114,0.0003442269517108798,0.0012999350437894464,0.00027082778979092836,0.00043554275180213153,0.0007579698576591909,0.0003118201857432723
76,0.8460344672203064,0.0011124436277896166,0.0005974876694381237,0.15399302542209625,0.001487544970586896,0.03337876871228218,0.006036342587321997,0.00028957054018974304,0.005693492479622364,0.011086794547736645,0.010343331843614578,0.0018364499555900693,0.007613291032612324,0.0011246497742831707,0.0011910178000107408,0.0007203007116913795,0.004451972898095846,0.005295917857438326,0.0005496738012880087,0.0006011016084812582,0.0018268139101564884,0.0004721081641037017,0.000624989508651197,0.0005237245350144804,0.0003573615394998342,0.001041289186105132,0.0012980642495676875,0.0007550695445388556
77,0.8661121726036072,0.002240389585494995,0.0027350177988409996,0.029216229915618896,0.0014072551857680082,0.04941767826676369,0.0013861358165740967,0.007296292576938868,0.02396833710372448,0.0047887335531413555,0.003915160428732634,0.049785975366830826,0.0012978974264115095,0.005805765278637409,0.0007452548015862703,0.005226460751146078,0.002682560821995139,0.004307732451707125,0.004416862037032843,0.006038288120180368,0.0018420183332636952,0.0018783790292218328,0.0010313012171536684,0.002418727846816182,0.0031590042635798454,0.003290792228654027,0.0004947774577885866,0.0009553722920827568
78,0.3077950179576874,0.003767839865759015,0.0006775325164198875,0.4749179184436798,0.0010247280588373542,0.04032456502318382,0.0410403311252594,0.0009295549825765193,0.004732347093522549,0.005280692595988512,0.01745370775461197,0.0015365375438705087,0.014952590689063072,0.0005008972948417068,0.0006823578150942922,0.00223186775110662,0.0017196227563545108,0.10323123633861542,0.0005205487832427025,0.008769541047513485,0.0005863628466613591,0.00059974764008075,0.0007241257117129862,0.00038039841456338763,0.0006385727901943028,0.017309613525867462,0.041410189121961594,0.005843097809702158
79,0.9600083827972412,0.0015963840996846557,0.0012059301370754838,0.02137230895459652,0.0007116757915355265,0.006904024165123701,0.011583355255424976,0.0007011924171820283,0.0030819980893284082,0.015360984951257706,0.0019491674611344934,0.001609794795513153,0.001826104591600597,0.0013894393341615796,0.006132218986749649,0.001207046676427126,0.0006479868316091597,0.001801356440410018,0.0003263153485022485,0.001329116872511804,0.0018524588085711002,0.0006777863018214703,0.0002314777666470036,0.0020405068062245846,0.0003201993531547487,0.0003059040172956884,0.00041961268289014697,0.000276632490567863
80,0.45355191826820374,0.011513217352330685,0.0012657340848818421,0.04699554666876793,0.002484419383108616,0.7320077419281006,0.005906377453356981,0.023118317127227783,0.01483297348022461,0.012663894332945347,0.005002524238079786,0.011173341423273087,0.0009672089945524931,0.005722340662032366,0.0021985433995723724,0.003661117749288678,0.0012421943247318268,0.004705832339823246,0.0038938571233302355,0.006394241005182266,0.004010424949228764,0.010202239267528057,0.0022559661883860826,0.010757699608802795,0.0021172864362597466,0.00449343491345644,0.002109547145664692,0.0022701274137943983
81,0.41483190655708313,0.2058911770582199,0.32672280073165894,0.038251928985118866,0.002056586556136608,0.07156437635421753,0.005636734422296286,0.1804313361644745,0.006542806513607502,0.006119822151958942,0.009333109483122826,0.00197789934463799,0.001176193356513977,0.0026029576547443867,0.0012574776774272323,0.008725466206669807,0.001989058218896389,0.0034892603289335966,0.0017655720002949238,0.0017578931292518973,0.0014871972380205989,0.002151845023036003,0.0009116794681176543,0.0011422601528465748,0.0007591806352138519,0.000807605218142271,0.0005596493138000369,0.0002780736540444195
82,0.06189553067088127,0.0024338425137102604,0.0015136776491999626,0.008490660227835178,0.0011187114287167788,0.005993579048663378,0.001609773258678615,0.001298902789130807,0.0011721875052899122,0.0035274990368634462,0.0032580101396888494,0.0013332969974726439,0.0013269293121993542,0.0004113574104849249,0.000703336379956454,0.003988726530224085,0.001267404411919415,0.002671666443347931,0.00020948243036400527,0.00376105192117393,0.0008911899640224874,0.0004788072837982327,0.0008357266779057682,0.002120395889505744,0.00028618454234674573,0.0014317482709884644,0.9486730098724365,0.0003742100961972028
83,0.04321367293596268,0.0020421892404556274,0.0017335370648652315,0.141297847032547,0.0036890374030917883,0.012780354358255863,0.003341828240081668,0.0014858199283480644,0.002478049835190177,0.0027417486999183893,0.00843507144600153,0.0008048873860388994,0.0015222526853904128,0.0003555438306648284,0.0006164020742289722,0.007208211347460747,0.001256665331311524,0.8826233744621277,0.0001987661380553618,0.010927319526672363,0.00048178128781728446,0.00022658942907582968,0.00020792472059838474,0.0018201145576313138,0.00028353958623483777,0.0015322858234867454,0.0065504759550094604,0.004267393611371517
84,0.934104323387146,0.014344863593578339,0.0030707302503287792,0.03938264772295952,0.001213454408571124,0.022699305787682533,0.004448155872523785,0.0009761358960531652,0.0028193413745611906,0.003622855991125107,0.006748085841536522,0.0014234145637601614,0.0008236721041612327,0.0010430222610011697,0.0007039325428195298,0.0012036700500175357,0.0012184387305751443,0.0019908281974494457,0.0003912894462700933,0.0009924916084855795,0.0012658179039135575,0.0004673084185924381,0.0004005938826594502,0.0013980962103232741,0.00027712006703950465,0.0003524080093484372,0.000571815762668848,0.0002260542823933065
85,0.44995594024658203,0.18488511443138123,0.5870261192321777,0.007760892156511545,0.0010686854366213083,0.004771738313138485,0.0042139627039432526,0.004378410521894693,0.002690658438950777,0.00834182370454073,0.002765356795862317,0.0016697667306289077,0.0021804929710924625,0.0010877205058932304,0.001984178088605404,0.0013493172591552138,0.0012013630475848913,0.0015823963331058621,0.0005645561031997204,0.0006871402729302645,0.0009047298808582127,0.0006306442664936185,0.0004537870117928833,0.0015327404253184795,0.0003148009127471596,0.00015770505706313998,0.0005047569866292179,4.7718720452394336e-05
86,0.46406301856040955,0.0022050354164093733,0.00737497303634882,0.016616256907582283,0.001912337145768106,0.07508447021245956,0.0023102620616555214,0.3505363166332245,0.00875893235206604,0.010297030210494995,0.00827084667980671,0.009829252026975155,0.0011833220487460494,0.010567352175712585,0.0018670620629563928,0.07741706073284149,0.003705039620399475,0.006128799635916948,0.004754168447107077,0.01587742753326893,0.004968214780092239,0.004049948416650295,0.000573804194573313,0.018792178481817245,0.003031345084309578,0.004011634271591902,0.0006209686398506165,0.001877201022580266
87,0.6038628816604614,0.5967708826065063,0.19666650891304016,0.01893008127808571,0.0011386213591322303,0.015187208540737629,0.01866862364113331,0.005616951268166304,0.006276364903897047,0.01264394260942936,0.007299971766769886,0.0016498160548508167,0.0018562371842563152,0.0024301751982420683,0.0018438867991790175,0.0013174947816878557,0.0012088145595043898,0.0013043750077486038,0.0012299071531742811,0.000737718481104821,0.0020240345038473606,0.0012481611920520663,0.0006029454525560141,0.0009109530947171152,0.0003590859705582261,0.0003172410069964826,0.0005226959474384785,0.00011805916437879205
88,0.8902841210365295,0.0023974424693733454,0.0009898494463413954,0.04648301750421524,0.0002994310052599758,0.017987553030252457,0.03549273684620857,0.00039969576755538583,0.009639664553105831,0.032669756561517715,0.004507147707045078,0.0019074913579970598,0.0017536040395498276,0.0008225156343542039,0.002013538032770157,0.0004270134959369898,0.001047215424478054,0.001426340197212994,0.00041911780135706067,0.00042512669460847974,0.0015979536110535264,0.0005074875662103295,0.00021191303676459938,0.000573821656871587,0.00022742446162737906,0.00037934150896035135,0.00032511859899386764,0.00020001232041977346
89,0.8892514705657959,0.01547143142670393,0.006830363068729639,0.02126431092619896,0.0007633111672475934,0.022228464484214783,0.0036964090541005135,0.0008028594311326742,0.004123057704418898,0.012198315933346748,0.013547790236771107,0.001488660927861929,0.0025526650715619326,0.0011361035285517573,0.0013648213353008032,0.001073240302503109,0.016002748161554337,0.0008966607274487615,0.0006962731131352484,0.0006056325510144234,0.001650310936383903,0.0005103012081235647,0.0005178521387279034,0.0009957231814041734,0.0003161603817716241,0.0003964831412304193,0.0005905815050937235,0.00022102700313553214
90,0.25914207100868225,0.6748035550117493,0.00824161060154438,0.1232588067650795,0.0025554723106324673,0.04653851315379143,0.10183333605527878,0.0019595676567405462,0.011317509226500988,0.020608002319931984,0.02734687551856041,0.001155924517661333,0.0033225808292627335,0.0024462395813316107,0.0022371248342096806,0.0028728258330374956,0.004316894803196192,0.0030698778573423624,0.0031010142993181944,0.005744902882725,0.0020215578842908144,0.0013388494262471795,0.000940586207434535,0.0018762488616630435,0.00035150209441781044,0.0018291291780769825,0.0023833061568439007,0.0007278360426425934
91,0.7858242392539978,0.34086573123931885,0.08495894819498062,0.01688780076801777,0.0010837281588464975,0.021773792803287506,0.011094575747847557,0.004121466539800167,0.006434108130633831,0.009826830588281155,0.004196345806121826,0.0022456131409853697,0.0013030103873461485,0.0015410564374178648,0.0013253840152174234,0.0008807724225334823,0.0008038966916501522,0.001165722031146288,0.0008222213946282864,0.0006676159682683647,0.0017560039414092898,0.0014408674323931336,0.000815146544482559,0.0010792191606014967,0.00043953675776720047,0.00031236946233548224,0.0005441489047370851,0.00012628802505787462
92,0.6871227025985718,0.27545085549354553,0.2635360360145569,0.013125353492796421,0.0007090410217642784,0.010730798356235027,0.024412265047430992,0.008114120922982693,0.009011724032461643,0.016285991296172142,0.002415453316643834,0.0018316941568627954,0.0010774076217785478,0.0010620341636240482,0.0019942636135965586,0.0011492578778415918,0.0008574495441280305,0.001979747787117958,0.0006412247894331813,0.0005463790730573237,0.001671567209996283,0.0011516556842252612,0.00040588167030364275,0.0008543663425371051,0.000384657148970291,0.00021894463861826807,0.00040128265391103923,8.68238348630257e-05
93,0.6262311935424805,0.2497047632932663,0.06622292846441269,0.08422712236642838,0.0008574434323236346,0.032728154212236404,0.054094135761260986,0.00468966830521822,0.005896091461181641,0.012069485150277615,0.004839377943426371,0.0013870284892618656,0.0012060082517564297,0.001120255095884204,0.00123253942001611,0.0010932533768936992,0.0009783523855730891,0.0012608550023287535,0.0007071848958730698,0.0007171130855567753,0.0013403549091890454,0.000845142756588757,0.000339401769451797,0.0007070659776218235,0.00029263898613862693,0.0004456525784917176,0.00038876186590641737,0.00013826819485984743
94,0.9138864874839783,0.003460603766143322,0.0009089377708733082,0.04546499252319336,0.000761370814871043,0.08988995105028152,0.01498348917812109,0.0019812181126326323,0.012299981899559498,0.007676019798964262,0.004182005766779184,0.0038209008052945137,0.0009987439261749387,0.0013299412094056606,0.0006814000080339611,0.0010661513078957796,0.0010543594835326076,0.002929108217358589,0.0008803062955848873,0.0019483939977362752,0.001658635912463069,0.0011744217481464148,0.0005744433146901429,0.001644568401388824,0.0006170409615151584,0.0018351051257923245,0.0008746409439481795,0.0006694190087728202
95,0.1293211132287979,0.663945198059082,0.285110205411911,0.07014817744493484,0.0032121133990585804,0.031815145164728165,0.026783626526594162,0.0070438929833471775,0.016807451844215393,0.009096987545490265,0.008281281217932701,0.005320321768522263,0.0025693767238408327,0.002987559186294675,0.002152851549908519,0.002768702805042267,0.0010707342298701406,0.18734389543533325,0.0016914545558393002,0.001107949879951775,0.0030096264090389013,0.002044398570433259,0.0018598117167130113,0.0012077568098902702,0.0010362466564401984,0.0006786796147935092,0.0019923322834074497,0.0005651081446558237
96,0.004548701923340559,0.0036403026897460222,0.003656520042568445,0.020752500742673874,0.0027716653421521187,0.006093552801758051,0.0037853443063795567,0.0024527234490960836,0.0019175877096131444,0.003800619626417756,0.0066339727491140366,0.0021417923271656036,0.002769789192825556,0.0006984948995523155,0.0012088790535926819,0.0049372403882443905,0.0011636092094704509,0.4892060458660126,0.00025092469877563417,0.005898473784327507,0.0015097822761163116,0.0005327630206011236,0.0010038194013759494,0.0031691319309175014,0.0006540053291246295,0.002089485991746187,0.9839951395988464,0.0017804962117224932
97,0.21297867596149445,0.47123485803604126,0.20462550222873688,0.0221512820571661,0.0009948459919542074,0.03544573113322258,0.005345053039491177,0.0317937508225441,0.0026595210656523705,0.004512064624577761,0.005417452193796635,0.0014830323634669185,0.001255095237866044,0.0012579952599480748,0.000795353960711509,0.00415956461802125,0.0009253963362425566,0.004218278918415308,0.0012229273561388254,0.002242902060970664,0.0008994503295980394,0.0012672118609771132,0.0010564613621681929,0.0010507060214877129,0.0006141788908280432,0.0013244830770418048,0.10092858970165253,0.0002884345012716949
98,0.5121517181396484,0.017383987084031105,0.01352887786924839,0.20107099413871765,0.0009202430373989046,0.04024836793541908,0.05177780240774155,0.011183060705661774,0.005085790529847145,0.009858016856014729,0.010103492997586727,0.0005441279499791563,0.0007880781777203083,0.0013009276008233428,0.0008996024262160063,0.013313811272382736,0.001115845749154687,0.07697325199842453,0.0004878027248196304,0.003942072857171297,0.0025036060251295567,0.0010628884192556143,0.00019092018192168325,0.0035754323471337557,0.00026757820160128176,0.0013748634373769164,0.0005057956441305578,0.0009957364527508616
99,0.828665554523468,0.006420691031962633,0.0007660492556169629,0.04910546541213989,0.0004459661722648889,0.0706864595413208,0.07951351255178452,0.0007169641321524978,0.029495278373360634,0.017696086317300797,0.008510546758770943,0.004289460368454456,0.001696719671599567,0.0008884230628609657,0.0008807278936728835,0.0003990637487731874,0.001267562503926456,0.0015332724433392286,0.0007065991521812975,0.0006840024725534022,0.0013905088417232037,0.001207978231832385,0.0009579490288160741,0.0007171564502641559,0.0004548202850855887,0.0010370644740760326,0.0006622844957746565,0.00034915306605398655
100,0.9125758409500122,0.010415393859148026,0.0019943024963140488,0.04530574008822441,0.0007541289087384939,0.03381812199950218,0.0064674261957407,0.0008661344181746244,0.0026094759814441204,0.004780566785484552,0.0029916369821876287,0.001074434258043766,0.00065996078774333,0.0007573355105705559,0.0008008082513697445,0.0008027121075429022,0.0005753770819865167,0.0017568992916494608,0.00029242871096357703,0.0009823949076235294,0.0011515816440805793,0.0004339410224929452,0.00027275492902845144,0.001098832581192255,0.00023478276852983981,0.00040410226210951805,0.0008234225679188967,0.00024534258409403265
101,0.3884265720844269,0.0019578535575419664,0.0006858079577796161,0.6533539891242981,0.0014703234191983938,0.038916707038879395,0.014041607268154621,0.0005123770679347217,0.005415936466306448,0.010196943767368793,0.013045312836766243,0.0007104164105840027,0.0015081255696713924,0.00033189283567480743,0.0009328768355771899,0.0007073045708239079,0.0009685216355137527,0.03823515772819519,0.0001757614954840392,0.0010615168139338493,0.001093755941838026,0.0004013919096905738,0.000361485785106197,0.0009490353404544294,0.00020294031128287315,0.0013491695281118155,0.003463884349912405,0.0011577388504520059
102,0.20373280346393585,0.7286263108253479,0.3656446933746338,0.01823636144399643,0.0031359014101326466,0.01577047072350979,0.006329983938485384,0.007799265906214714,0.0027078217826783657,0.005570173263549805,0.005990892183035612,0.001530149020254612,0.001660356530919671,0.001775045064277947,0.0012689806753769517,0.0021426966413855553,0.0012351813493296504,0.002596731763333082,0.0008672245312482119,0.001181222265586257,0.0014001361560076475,0.0009883473394438624,0.0009443509625270963,0.0013375290436670184,0.000358136894647032,0.00028185665723867714,0.0017250312957912683,0.00010412721167085692
103,0.21327438950538635,0.23066239058971405,0.5837167501449585,0.04653302580118179,0.003292527049779892,0.028320370241999626,0.0027818097732961178,0.012626697309315205,0.0021908266935497522,0.004902764689177275,0.0109188137575984,0.0021138477604836226,0.0033743123058229685,0.002619881648570299,0.0013400077586993575,0.004284558817744255,0.0023641944862902164,0.004828367382287979,0.00139739946462214,0.0016980237560346723,0.0010643632849678397,0.0007207095623016357,0.0006494440604001284,0.0014808062696829438,0.0005271466798149049,0.00046981702325865626,0.0008965095039457083,0.00016145248082466424
104,0.16982261836528778,0.005561962258070707,0.0022752806544303894,0.16773779690265656,0.0013152462197467685,0.04637148976325989,0.008526596240699291,0.0017083495622500777,0.011315407231450081,0.004044389817863703,0.016695581376552582,0.005965944845229387,0.0031399945728480816,0.0022945154923945665,0.0004359078302513808,0.0017511826008558273,0.0012077705468982458,0.6655839085578918,0.0007718627457506955,0.0014090469339862466,0.0013042979408055544,0.0006518714944832027,0.000758281908929348,0.0011033103801310062,0.001029629842378199,0.0023200237192213535,0.010556642897427082,0.002579730935394764
105,0.7004863023757935,0.014626181684434414,0.013313881121575832,0.35365983843803406,0.0012712979223579168,0.02317184954881668,0.010497973300516605,0.0007884424412623048,0.0013600735692307353,0.004555382765829563,0.010526915080845356,0.0006028598290868104,0.0034110681153833866,0.0004334680561441928,0.0005716787418350577,0.001996660605072975,0.0026308256201446056,0.002094293711706996,0.0003553466231096536,0.0015192196005955338,0.0005491069168783724,0.0001890653365990147,0.00023593191872350872,0.0008777115726843476,0.00015757429355289787,0.0008563725859858096,0.0008976981625892222,0.00021710367582272738
106,0.8116434812545776,0.01707429438829422,0.010615687817335129,0.17745502293109894,0.0008290490368381143,0.03752140328288078,0.005265543237328529,0.0015286534326151013,0.004777734167873859,0.004298961255699396,0.009714818559587002,0.0021936888806521893,0.0021465907339006662,0.0021030795760452747,0.0003614830202423036,0.002363695064559579,0.00149714935105294,0.006681372411549091,0.0014470049645751715,0.0011749358382076025,0.0010730354115366936,0.00038812364800833166,0.00026138388784602284,0.0007658306858502328,0.0003327577724121511,0.001124358968809247,0.0002858295338228345,0.000305115565424785
107,0.05520963296294212,0.005177442915737629,0.0011201712768524885,0.01816590316593647,0.0009217813494615257,0.02629980817437172,0.01847366988658905,0.002178299007937312,0.003893572138622403,0.012823785655200481,0.005979488603770733,0.001293799839913845,0.0015992549015209079,0.0004886583192273974,0.0017393211601302028,0.0031995135359466076,0.0012727936264127493,0.00813150592148304,0.00041784060886129737,0.08293120563030243,0.0015668851556256413,0.004085926804691553,0.0016245485749095678,0.6917352676391602,0.0005932140629738569,0.007159076631069183,0.3993035852909088,0.0020703577902168036
108,0.8155244588851929,0.004116867668926716,0.001910599647089839,0.07014895230531693,0.0015862445579841733,0.013082390651106834,0.008890620432794094,0.0005660326569341123,0.008059104904532433,0.005464732181280851,0.002788123907521367,0.0023585250601172447,0.0009202833753079176,0.0005883995909243822,0.0007322434103116393,0.0009729146840982139,0.0006921513704583049,0.11232390254735947,0.0002277527964906767,0.0008216116693802178,0.001431961078196764,0.00038877001497894526,0.0002801206719595939,0.0006085275672376156,0.0003127225209027529,0.00041524568223394454,0.0012019267305731773,0.00047658447874709964
109,0.24366770684719086,0.22477911412715912,0.4426075518131256,0.003365664044395089,0.000883422908373177,0.004028521478176117,0.012041514739394188,0.01666412688791752,0.005619324743747711,0.19382531940937042,0.0020900426898151636,0.0011823406675830483,0.0012803880963474512,0.0013598429504781961,0.12330162525177002,0.0021377759985625744,0.0008430446614511311,0.002149744890630245,0.0009073392138816416,0.0014541161945089698,0.009168500080704689,0.0035874152090400457,0.000324034335790202,0.015667913481593132,0.000396155402995646,0.0001814018323784694,0.0007424367358908057,0.00013709110498894006
110,0.17793315649032593,0.0025967948604375124,0.001787757151760161,0.06226569786667824,0.004340036306530237,0.009086355566978455,0.0066854627802968025,0.0008813171880319715,0.0014145855093374848,0.007886113598942757,0.007778129540383816,0.001615890534594655,0.014957733452320099,0.0005988474003970623,0.0021659836638718843,0.02520977519452572,0.001800835132598877,0.026799213141202927,0.0012722990941256285,0.7554742097854614,0.0005603373283520341,0.0007444694056175649,0.00043050700332969427,0.022432874888181686,0.0005816962220706046,0.01934921182692051,0.003847182495519519,0.0042465985752642155
111,0.7736935019493103,0.02145359292626381,0.0012714395998045802,0.05720967426896095,0.0004498200723901391,0.20450833439826965,0.016327593475580215,0.002358029130846262,0.0049324845895171165,0.008983980864286423,0.005451838951557875,0.0015303888358175755,0.0006939290906302631,0.0012666549300774932,0.00102995743509382,0.0010510069550946355,0.000721054442692548,0.0010306814219802618,0.0007854739669710398,0.0016836830182000995,0.0012785705039277673,0.001507490174844861,0.0006335874786600471,0.003631206462159753,0.0003729776362888515,0.0009386747842654586,0.001106562907807529,0.00043809216003865004
112,0.3666318356990814,0.006391887087374926,0.0009878032142296433,0.2410825490951538,0.002350614871829748,0.02023744396865368,0.27833443880081177,0.0013789823278784752,0.006052973214536905,0.020704787224531174,0.0030713139567524195,0.0006790561019442976,0.0016346961492672563,0.0004296808911021799,0.002427138155326247,0.005258240271359682,0.0007233349024318159,0.028427615761756897,0.000346257584169507,0.018274763599038124,0.0014623653842136264,0.0008515724330209196,0.00020097906235605478,0.0038890810683369637,0.0002656628203112632,0.00358735048212111,0.002224959433078766,0.001946041127666831
113,0.6296802759170532,0.0011339415796101093,0.00042718814802356064,0.06796339899301529,0.0007498193881474435,0.03005870059132576,0.03257983177900314,0.0003793717478401959,0.0098582673817873,0.06982654333114624,0.00503368629142642,0.007835648022592068,0.020020661875605583,0.01970764249563217,0.011698294430971146,0.0005346365505829453,0.0012806918239220977,0.000738058821298182,0.0032983142882585526,0.0007627310114912689,0.013050968758761883,0.005102802533656359,0.0013640339020639658,0.0011016037315130234,0.000743149546906352,0.0013343043392524123,0.0004658742982428521,0.0006317616789601743
114,0.4587102234363556,0.003174422075971961,0.0005835999036207795,0.03772638738155365,0.0005806036642752588,0.026441829279065132,0.510702908039093,0.0011270955437794328,0.027170995250344276,0.08433310687541962,0.0031986802350729704,0.00198452384211123,0.0010293370578438044,0.00041138430242426693,0.006851885002106428,0.0005180133157409728,0.0008186989580281079,0.0016857207519933581,0.00028106101672165096,0.0007495242753066123,0.003254130482673645,0.0016868229722604156,0.0005333221051841974,0.001872102846391499,0.0002805876429192722,0.0005980674177408218,0.0008924492867663503,0.000315125216729939
115,0.5733939409255981,0.001407965668477118,0.0006344512803480029,0.15414775907993317,0.0005253850249573588,0.025807524099946022,0.014337670058012009,0.0007308602216653526,0.014595568180084229,0.24102835357189178,0.002541895490139723,0.0019869853276759386,0.001092397142201662,0.000810799770988524,0.023566344752907753,0.0006546953809447587,0.0007781178574077785,0.002131447196006775,0.00034390814835205674,0.0008483401616103947,0.009955777786672115,0.0033444419968873262,0.00039092107908800244,0.0015389514155685902,0.0003122482739854604,0.0006086023640818894,0.0004820966278202832,0.0007240190752781928
116,0.4533517062664032,0.025352224707603455,0.00462398212403059,0.32288748025894165,0.0015429402701556683,0.21490608155727386,0.008596544153988361,0.021416185423731804,0.004560317378491163,0.011022232472896576,0.0075911772437393665,0.000942434067837894,0.000555229838937521,0.0027917337138205767,0.0011957802344113588,0.014865996316075325,0.0018157761078327894,0.0058352951891720295,0.0020238582510501146,0.008453808724880219,0.0031923570204526186,0.0020592953078448772,0.00026734155835583806,0.002605021931231022,0.0005019255913794041,0.0036338279023766518,0.000842514680698514,0.0017737739253789186
117,0.2653284966945648,0.0034570798743516207,0.0014775082236155868,0.1101749837398529,0.003211627947166562,0.01997479610145092,0.012207885272800922,0.0008376373443752527,0.0037674587219953537,0.010558784939348698,0.008499886840581894,0.0024729548022150993,0.006280761677771807,0.0006177288596518338,0.0011442340910434723,0.02739437110722065,0.02278006449341774,0.005705534014850855,0.0019102913793176413,0.4900504946708679,0.0008134348900057375,0.0007231840281747282,0.00048538524424657226,0.009703458286821842,0.0005815509939566255,0.017647596076130867,0.0021469604689627886,0.003567797364667058
118,0.907975435256958,0.006688522174954414,0.0015231901779770851,0.012414573691785336,0.0003317065420560539,0.05291296914219856,0.009258254431188107,0.002156168920919299,0.013698931783437729,0.017718778923153877,0.0034007325302809477,0.003064093878492713,0.0004888356197625399,0.0009021861478686333,0.0012027680641040206,0.0008206148049794137,0.0012970978859812021,0.001498627127148211,0.0006256125634536147,0.0008219894953072071,0.0017931509064510465,0.001405981252901256,0.0004762252501677722,0.0012961352476850152,0.00042409045272506773,0.0005516141536645591,0.0007447241805493832,0.00033223602804355323
119,0.7622016668319702,0.08272063732147217,0.08216732740402222,0.019054539501667023,0.0010142901446670294,0.027215808629989624,0.003438313025981188,0.00543172238394618,0.01645798422396183,0.006212757434695959,0.026045020669698715,0.01653437130153179,0.002300859894603491,0.007158886641263962,0.001101145287975669,0.001775780227035284,0.004656530916690826,0.0013370807282626629,0.0034501166082918644,0.0009041287703439593,0.0018437672406435013,0.0012496759882196784,0.0010859919711947441,0.001121282810345292,0.0013649356551468372,0.0006165653467178345,0.00028196576749905944,0.00019559076463337988
120,0.53157639503479,0.2895965874195099,0.22229376435279846,0.12585918605327606,0.0011793660232797265,0.023157162591814995,0.03341519460082054,0.0026877284981310368,0.004951926879584789,0.011582519859075546,0.012450492940843105,0.0016769670182839036,0.003358911257237196,0.0012314304476603866,0.0013923455262556672,0.0014393848832696676,0.0023984541185200214,0.0026959646493196487,0.0008122419822029769,0.0008005301351659,0.0012223009252920747,0.0006134897121228278,0.0004885882372036576,0.0008106460445560515,0.00031284865690395236,0.0005415927735157311,0.00032089458545669913,0.00016337806300725788
121,0.882980227470398,0.012521892786026001,0.003023794386535883,0.09300178289413452,0.0008309159311465919,0.09289716929197311,0.009971135295927525,0.001761490711942315,0.009290628135204315,0.008694358170032501,0.009888838976621628,0.004232813138514757,0.0012326339492574334,0.0019760429859161377,0.0006702728569507599,0.0008882232941687107,0.0011070927139371634,0.0019990107975900173,0.0012708773138001561,0.000998275470919907,0.0019028028473258018,0.0010613787453621626,0.0005406012642197311,0.001716705271974206,0.0005625627236440778,0.0011302996426820755,0.0003811471106018871,0.0003667765704449266
122,0.6597610116004944,0.24730134010314941,0.2078525871038437,0.08351780474185944,0.001236910349689424,0.04513175040483475,0.005377870984375477,0.008677560836076736,0.0034192155580967665,0.010018047876656055,0.005885422229766846,0.0012830933555960655,0.0010176372015848756,0.0016895199660211802,0.0011692323023453355,0.005441480781883001,0.0013301363214850426,0.0029119595419615507,0.0014314954169094563,0.0029249386861920357,0.0014717732556164265,0.0014867440331727266,0.00043824585736729205,0.004787615966051817,0.0004005202208645642,0.0007950345170684159,0.00022955246095079929,0.00026902323588728905
123,0.8129171133041382,0.01183816697448492,0.009067347273230553,0.03778163716197014,0.000723272911272943,0.008609078824520111,0.005590030923485756,0.0005993044469505548,0.001678661908954382,0.0065897307358682156,0.14417146146297455,0.0008369531715288758,0.021382713690400124,0.0007492604199796915,0.0010362343164160848,0.0023677442222833633,0.015027058310806751,0.0015244147507473826,0.0006097531295381486,0.002286122413352132,0.0005449056625366211,0.00019584996334742755,0.00040866207564249635,0.002246253192424774,0.00024912157095968723,0.0008539357804693282,0.0010029657278209925,0.0003043581382371485
124,0.042569600045681,0.0025324069429188967,0.001714377081952989,0.060709115117788315,0.004458284005522728,0.025199420750141144,0.0036001054104417562,0.0028043040074408054,0.0026270621456205845,0.008678106591105461,0.003563753329217434,0.0010494455927982926,0.0007701089489273727,0.0004766326164826751,0.0011949934996664524,0.004261396359652281,0.0010435932781547308,0.14322349429130554,0.00034376539406366646,0.04351281374692917,0.0022522436920553446,0.0017595163080841303,0.00045049915206618607,0.8462792038917542,0.0004011518321931362,0.001995146507397294,0.00345404539257288,0.0013442918425425887
125,0.9027128219604492,0.013705299235880375,0.006296626292169094,0.05527748540043831,0.001292778761126101,0.018115101382136345,0.0025165227707475424,0.0021401350386440754,0.0016749310307204723,0.004433468449860811,0.003934846725314856,0.0007050036219879985,0.000713328190613538,0.0014191516675055027,0.0006990070105530322,0.0051241545006632805,0.0009287188877351582,0.0026232367381453514,0.0005589019856415689,0.002550368895754218,0.0016210497124120593,0.0006022120360285044,0.00021032962831668556,0.0030876086093485355,0.00021992798428982496,0.0005618007853627205,0.0004143048427067697,0.0003352312196511775
126,0.8570138216018677,0.10999761521816254,0.12426640838384628,0.028214000165462494,0.0012655496830120683,0.010903885588049889,0.003037084359675646,0.004600785207003355,0.001806311309337616,0.004893340170383453,0.003650304162874818,0.0009388944017700851,0.0011472043115645647,0.0011370877036824822,0.0010906466050073504,0.0025995862670242786,0.0009367901366204023,0.002078711986541748,0.0005368207930587232,0.0008067414164543152,0.0010730251669883728,0.0005006139981560409,0.00030707515543326735,0.0012074726400896907,0.0002778806956484914,0.00025105246459133923,0.00047124354750849307,0.0001330448576482013
127,0.3600766062736511,0.013248797506093979,0.00222396245226264,0.016134029254317284,0.001012600027024746,0.016788166016340256,0.7320470809936523,0.003096929518505931,0.05333951488137245,0.04084572568535805,0.0029956246726214886,0.003952794708311558,0.0012285419506952167,0.0008405945845879614,0.0030439516995102167,0.0012420292478054762,0.0012007516343146563,0.0017942248377949,0.0006832252838648856,0.0013717819238081574,0.0030007401946932077,0.0021296001505106688,0.0007577329524792731,0.0017829855205491185,0.00041969690937548876,0.0007877463358454406,0.0009273911127820611,0.00025964027736335993
128,0.5052800178527832,0.0724974274635315,0.6075559854507446,0.010798601433634758,0.002783416071906686,0.003236887976527214,0.0020270110107958317,0.005086582154035568,0.0013953328598290682,0.004176097922027111,0.0027391735929995775,0.0011448750738054514,0.0019496192689985037,0.0010880946647375822,0.0014247564831748605,0.0041573806665837765,0.002148036379367113,0.00390509027056396,0.0005058375536464155,0.0011178837157785892,0.0007897508330643177,0.0004528244899120182,0.0003927886427845806,0.002030131872743368,0.0002744334633462131,0.00018749987066257745,0.0007415662985295057,6.35692776995711e-05
129,0.22129793465137482,0.054620154201984406,0.22480247914791107,0.47390127182006836,0.002741107251495123,0.04301201179623604,0.0033421365078538656,0.012291353195905685,0.0016207287553697824,0.005575415678322315,0.006549036130309105,0.001838964642956853,0.0038912463933229446,0.0024651905987411737,0.0015454486710950732,0.011774946004152298,0.0020158025436103344,0.008000034838914871,0.0015516601270064712,0.002693806542083621,0.001212680246680975,0.0007101808441802859,0.0005296094459481537,0.0011188238859176636,0.0004980345256626606,0.0013698491966351867,0.0013056937605142593,0.00041142074041999876
130,0.764666736125946,0.023736901581287384,0.0030031020287424326,0.21598325669765472,0.0013370360247790813,0.09353716671466827,0.006351993884891272,0.001263365033082664,0.003384905867278576,0.004006409551948309,0.025305353105068207,0.0007337573915719986,0.0012098551960662007,0.0006808462785556912,0.0004912976291961968,0.0011305715888738632,0.001710281940177083,0.004756829235702753,0.0004460082855075598,0.0009937850991263986,0.0009131412371061742,0.0003698955988511443,0.00041998366941697896,0.0009710556478239596,0.00022858819284010679,0.0007684291340410709,0.0012179368641227484,0.000485968601424247
131,0.6239389181137085,0.004424311686307192,0.003458939725533128,0.4935794472694397,0.0012349996250122786,0.028002340346574783,0.0030128690414130688,0.0008698239107616246,0.0015202261274680495,0.003908382263034582,0.010624570772051811,0.0009633160079829395,0.0017016123747453094,0.000932354771066457,0.0005321904900483787,0.00294022960588336,0.002275304403156042,0.003322191070765257,0.0005653222906403244,0.0016439375467598438,0.0012085589114576578,0.0003446653427090496,0.000270792399533093,0.0014398702187463641,0.00020429797586984932,0.0009476064587943256,0.0005918784299865365,0.00042708124965429306
132,0.14489637315273285,0.09294170141220093,0.21385620534420013,0.6553456783294678,0.0039603812620043755,0.02420988492667675,0.05127189680933952,0.002519115572795272,0.005857489071786404,0.01435315702110529,0.016995703801512718,0.0014170259237289429,0.005696835462003946,0.0009517599828541279,0.002100722398608923,0.0042816223576664925,0.0020308324601501226,0.1485222578048706,0.0007717538974247873,0.002767248312011361,0.0016672107158228755,0.0008743780781514943,0.0007815329008735716,0.002603851491585374,0.00043376212124712765,0.0016049898695200682,0.001122589805163443,0.0008501637494191527
133,0.7136800289154053,0.035261161625385284,0.04687020555138588,0.19257929921150208,0.0017246134812012315,0.046943891793489456,0.004168585408478975,0.005881174933165312,0.0030082319863140583,0.00414150720462203,0.009644640609622002,0.000677458243444562,0.0009013720555230975,0.0006975001306273043,0.0004411372647155076,0.006739174481481314,0.001759100123308599,0.02521595172584057,0.0005174521938897669,0.0016246438026428223,0.0010967389680445194,0.0004293029778636992,0.0002715240407269448,0.0009966883808374405,0.00026062215329147875,0.000680639932397753,0.00036499937414191663,0.0004626110603567213
134,0.9606096148490906,0.0037567000836133957,0.0015989291714504361,0.021338200196623802,0.0011004017433151603,0.012485912069678307,0.005309376399964094,0.0008548459736630321,0.004701682366430759,0.00781375914812088,0.0022681637201458216,0.0022573641035705805,0.0007260259008035064,0.0011095484951511025,0.0015891781076788902,0.000938348937779665,0.0009301494574174285,0.0030449298210442066,0.00031643692636862397,0.000851076387334615,0.002009883988648653,0.0005656855646520853,0.0003050233644898981,0.0010670475894585252,0.0003455177939031273,0.00031116208992898464,0.0006042573950253427,0.00024599279277026653
135,0.8378928899765015,0.01579304412007332,0.004420362878590822,0.19379305839538574,0.0019294231897220016,0.05884602293372154,0.008979507721960545,0.0008108987240120769,0.0030026251915842295,0.006357043515890837,0.03452334180474281,0.0007044090307317674,0.002786420751363039,0.0005611975793726742,0.0008034720085561275,0.001078347209841013,0.002315845573320985,0.0033480932470411062,0.0004163009871263057,0.0013775810366496444,0.0006276335334405303,0.0002591782540548593,0.0003203465312253684,0.0012438228586688638,0.00023433816386386752,0.000799636181909591,0.0005320074269548059,0.0004135519848205149
136,0.807610034942627,0.04193263128399849,0.01273307390511036,0.14306604862213135,0.0011061233235523105,0.04198917746543884,0.019327305257320404,0.0011423531686887145,0.008926342241466045,0.00567256473004818,0.03283664584159851,0.003730458440259099,0.003798172576352954,0.002540445188060403,0.0005742383073084056,0.0011897495714947581,0.0026023585814982653,0.0033894674852490425,0.0016795466654002666,0.001996783073991537,0.0010849165264517069,0.0005253038834780455,0.0005531717906706035,0.0012851953506469727,0.0005809928406961262,0.0018714809557422996,0.00031705686706118286,0.0004423049103934318
137,0.28525927662849426,0.07391763478517532,0.0729694664478302,0.024717357009649277,0.0008910507895052433,0.023484332486987114,0.040118325501680374,0.0029853314626961946,0.006271962076425552,0.027140630409121513,0.01637561433017254,0.0020440726075321436,0.002634521573781967,0.0010221477132290602,0.0038128599990159273,0.0024770458694547415,0.002403873950242996,0.0018552144756540656,0.0013768426142632961,0.02058178186416626,0.0019545131362974644,0.0017470396123826504,0.0007460883352905512,0.705231785774231,0.00045709367259405553,0.0012725451961159706,0.00038239508285187185,0.0002631311654113233
138,0.036489229649305344,0.004309442825615406,0.0010989017318934202,0.007757981773465872,0.0004708347551058978,0.024483604356646538,0.01499853003770113,0.0033590421080589294,0.018826743587851524,0.033598337322473526,0.003105652518570423,0.005099414382129908,0.0010687032481655478,0.000982429482974112,0.0021789022721350193,0.0020372741855680943,0.0011970498599112034,0.0023983640130609274,0.0006507302750833333,0.0028516526799649,0.003147935727611184,0.004357319325208664,0.0035947533324360847,0.0028631628956645727,0.0007637161179445684,0.0044163670390844345,0.9484699964523315,0.0007935139583423734
139,0.5550875663757324,0.5389603972434998,0.033493150025606155,0.08870934695005417,0.0023672960232943296,0.034337133169174194,0.04773477837443352,0.0022719986736774445,0.008526329882442951,0.015359953977167606,0.009223525412380695,0.0014815398026257753,0.002405282109975815,0.0015954572008922696,0.0017067458247765899,0.0014519611140713096,0.0016410062089562416,0.002564098220318556,0.0015122599434107542,0.0013388532679527998,0.0018640191992744803,0.0008666772628203034,0.000515565334353596,0.000782477087341249,0.0003004719619639218,0.0007113686297088861,0.0003854006063193083,0.00028585814288817346
140,0.767269492149353,0.01877520978450775,0.002674590330570936,0.07371269911527634,0.0005077074747532606,0.11875282227993011,0.035840362310409546,0.0017930808244273067,0.0458514578640461,0.04553722217679024,0.016409166157245636,0.010303602553904057,0.001453182427212596,0.005083756987005472,0.0015415084781125188,0.00045759763452224433,0.002172680338844657,0.0010883797658607364,0.0024075587280094624,0.0006114603020250797,0.01036150474101305,0.0032061354722827673,0.0008558162953704596,0.0011673660483211279,0.0009097842848859727,0.0011977945687249303,0.0004228499601595104,0.0003900660085491836
141,0.04405270144343376,0.02422233484685421,0.012431498616933823,0.08511959761381149,0.002343581523746252,0.01670851744711399,0.007128327153623104,0.002587596420198679,0.002067887457087636,0.0023131610359996557,0.15534216165542603,0.0008297608001157641,0.004003113601356745,0.0005946510937064886,0.00044689816422760487,0.01193760521709919,0.023704728111624718,0.4253728687763214,0.0003329681640025228,0.005935254041105509,0.0008067440940067172,0.00030264342785812914,0.0008395534823648632,0.0022274537477642298,0.0004381021426524967,0.0019488799152895808,0.5771620273590088,0.002753630978986621
142,0.6714925765991211,0.020495695993304253,0.004758852533996105,0.11124216765165329,0.0005324353114701807,0.018811281770467758,0.2091321051120758,0.000781115610152483,0.007388651371002197,0.02603953145444393,0.005902467295527458,0.0005412178579717875,0.002043650485575199,0.00027417144156061113,0.0022210809402167797,0.0008711182745173573,0.0008917731465771794,0.022444358095526695,0.00020899424271192402,0.0006756528746336699,0.0009734101477079093,0.00038912377203814685,0.00020546735322568566,0.000669796543661505,0.00016039189358707517,0.00047872692812234163,0.001048397389240563,0.00035681939334608614
143,0.6505593657493591,0.0012576854787766933,0.0009928306099027395,0.44147947430610657,0.0009728308068588376,0.018897108733654022,0.006941329687833786,0.00039147486677393317,0.0020221166778355837,0.007762243505567312,0.011274166405200958,0.0004996939096599817,0.0015142866177484393,0.0003273345355410129,0.0009482291643507779,0.0010814345441758633,0.0011625310871750116,0.00694219721481204,0.00014241732424125075,0.000871082185767591,0.0009121230104938149,0.00018985856149811298,0.00016333335952367634,0.00116043072193861,0.00011538250691955909,0.0005979223642498255,0.0006375398952513933,0.0004005851224064827
144,0.4132870137691498,0.015605410560965538,0.0013352342648431659,0.11103135347366333,0.0010426302906125784,0.02701255865395069,0.6173517107963562,0.000882765743881464,0.02610512636601925,0.034696996212005615,0.006690372712910175,0.001831000205129385,0.00255571654997766,0.0004799363377969712,0.0031353901140391827,0.0006435963441617787,0.001664459821768105,0.00749827129766345,0.0004099657235201448,0.000895998440682888,0.0019981081131845713,0.0009865988977253437,0.0008333255536854267,0.0008060222025960684,0.0003213657473679632,0.0009254959877580404,0.0015180845512077212,0.0005166702903807163
145,0.4142206609249115,0.15918289124965668,0.5802340507507324,0.03364669904112816,0.0017724692588672042,0.007630751468241215,0.009920294396579266,0.0027296438347548246,0.003656393149867654,0.01054717879742384,0.014185396954417229,0.002649263245984912,0.01726020686328411,0.0019718261901289225,0.0022071609273552895,0.001422991044819355,0.003461207263171673,0.0021835837978869677,0.0011707686353474855,0.0008865813142620027,0.00091685785446316,0.0005094796069897711,0.0007019600016064942,0.0008098612306639552,0.00042293340084142983,0.00043542112689465284,0.00037003561737947166,0.0001058075504261069
146,0.828133225440979,0.0017778304172679782,0.000992023153230548,0.13213936984539032,0.0019604742992669344,0.14667001366615295,0.0027970047667622566,0.005036529153585434,0.004375677555799484,0.004559332970529795,0.008638177067041397,0.0020483112893998623,0.0012316257925704122,0.001580244628712535,0.00048639148008078337,0.007079555187374353,0.00203946721740067,0.005967740435153246,0.0012179780751466751,0.004284280352294445,0.001236496726050973,0.0008071204647421837,0.000485600670799613,0.002076683333143592,0.0005767914699390531,0.002629881026223302,0.0009885026374831796,0.0015978120500221848
147,0.26004502177238464,0.37457945942878723,0.6045928001403809,0.01292431727051735,0.0018531387904658914,0.009458609856665134,0.0035872245207428932,0.008758683688938618,0.002306935377418995,0.006388157606124878,0.006160712335258722,0.0011927185114473104,0.0015941421734169126,0.0013935513561591506,0.001561633194796741,0.0022750264033675194,0.001609602477401495,0.002134275622665882,0.0006831916980445385,0.0009223369997926056,0.0009345938451588154,0.0006491467356681824,0.0005408308934420347,0.0011917543597519398,0.00027422059793025255,0.0001936798362294212,0.0007972277817316353,6.807811587350443e-05
148,0.9422023296356201,0.0038055062759667635,0.0012865160824730992,0.023089280351996422,0.000485696509713307,0.03702589496970177,0.006726464256644249,0.002147924853488803,0.0060425796546041965,0.011369246989488602,0.0032562469132244587,0.0014624008908867836,0.0005856507341377437,0.0008461149409413338,0.0009499748703092337,0.0014682336477562785,0.001015251618809998,0.002310156589373946,0.00043045368511229753,0.0010666557354852557,0.0013849693350493908,0.0007206889567896724,0.00025079265469685197,0.001298274495638907,0.0003182260843459517,0.0005637870635837317,0.0006977154989726841,0.0003532989649102092
149,0.02980051003396511,0.0012694974429905415,0.0008154549286700785,0.1586654782295227,0.0014197876444086432,0.007361970841884613,0.0028219351079314947,0.0011845225235447288,0.0011008678702637553,0.004517036490142345,0.0062878248281776905,0.0006005086470395327,0.002784804906696081,0.00031589585705660284,0.0008407451095990837,0.009188860654830933,0.0010393798584118485,0.09473667293787003,0.0001694091479294002,0.009819187223911285,0.0007853025454096496,0.0003174969751853496,0.00038274371763691306,0.0013696645619347692,0.00029098306549713016,0.004218659829348326,0.9173169732093811,0.0036056528333574533
150,0.6088437438011169,0.1804186850786209,0.34845390915870667,0.019415494054555893,0.0007723994785919785,0.00882500410079956,0.026327865198254585,0.0039967745542526245,0.017244433984160423,0.03627975285053253,0.00508544547483325,0.003144575282931328,0.002416767179965973,0.0013925066450610757,0.004857523366808891,0.0011680489405989647,0.0018498051213100553,0.0017713971901685,0.0010046239476650953,0.0006004989263601601,0.0018947419011965394,0.0010921909706667066,0.00044106662971898913,0.0007234896766021848,0.00043537127203308046,0.0002373334573348984,0.00015337405784521252,9.610260167391971e-05
151,0.7626597881317139,0.006703837774693966,0.010408303700387478,0.24701684713363647,0.0015633017756044865,0.05250008404254913,0.0023294452112168074,0.0030515624675899744,0.0020944024436175823,0.006101010367274284,0.005029015243053436,0.0007627131417393684,0.0010576536878943443,0.0005729811382479966,0.0007011396228335798,0.0034552421420812607,0.0012369556352496147,0.0070889536291360855,0.0003854729875456542,0.0013909160625189543,0.0008953511132858694,0.00038473858148790896,0.00019805274496320635,0.0011914047645404935,0.00020662805764004588,0.0006927875801920891,0.000282726512523368,0.00034090367262251675
152,0.922307014465332,0.0016269307816401124,0.003757169470191002,0.04517784342169762,0.0030715169850736856,0.003556388197466731,0.0011175930267199874,0.0008292208658531308,0.001197119359858334,0.0029861689545214176,0.0024076802656054497,0.0011482129339128733,0.00158404849935323,0.0006528656813316047,0.001349003752693534,0.010864393785595894,0.002051882678642869,0.004492558538913727,0.00027288601268082857,0.006281401962041855,0.0008877190412022173,0.0002705728111322969,0.0002519247937016189,0.002324664033949375,0.0002679690660443157,0.0005009082378819585,0.0008166101179085672,0.00045090189087204635
153,0.12688785791397095,0.8205304741859436,0.37151038646698,0.01035794522613287,0.0033911673817783594,0.008067003451287746,0.009666942991316319,0.005844198167324066,0.005093002691864967,0.01342818420380354,0.004151123575866222,0.002260260283946991,0.0024087135680019855,0.002903882646933198,0.002716219983994961,0.002887008711695671,0.0018612196436151862,0.0025541612412780523,0.001953823259100318,0.001772580435499549,0.0020021952223032713,0.0017514993669465184,0.0016136681661009789,0.001409139484167099,0.0004104416002519429,0.000304415007121861,0.0019900950137525797,0.0001238376717083156
154,0.34856992959976196,0.17164558172225952,0.5908437371253967,0.020779943093657494,0.0021169420797377825,0.011657844297587872,0.0028722973074764013,0.0032493749167770147,0.0018768893787637353,0.005746226757764816,0.012839628383517265,0.0014643114991486073,0.0034773447550833225,0.001260607037693262,0.0013454766012728214,0.0021170165855437517,0.0057067349553108215,0.0020159666892141104,0.0006672496092505753,0.0010605731513351202,0.0007544966065324843,0.00047774752601981163,0.0007789121009409428,0.0020097079686820507,0.0003081920149270445,0.0002541522844694555,0.0005030044121667743,8.20257919258438e-05
155,0.32932597398757935,0.19525454938411713,0.6549460291862488,0.00685789342969656,0.001922885305248201,0.00334584410302341,0.0037730757612735033,0.003223329782485962,0.0017234315164387226,0.008070457726716995,0.002572777448222041,0.0010780493030324578,0.001980394357815385,0.0008787797996774316,0.0022507139947265387,0.0013915362069383264,0.001361073344014585,0.001690366305410862,0.00043308763997629285,0.0009194411686621606,0.000980111421085894,0.0005636796122416854,0.00045828058500774205,0.0022061308845877647,0.00024136922729667276,0.0001384810166200623,0.00082072161603719,4.2046849557664245e-05
156,0.9640308618545532,0.0019461652263998985,0.0013116784393787384,0.015368141233921051,0.0016800945159047842,0.006514439824968576,0.0044859349727630615,0.0008870299207046628,0.004098556935787201,0.007911119610071182,0.0015629215631633997,0.0027066178154200315,0.000836877035908401,0.0014779007760807872,0.002491622930392623,0.0015569429378956556,0.0010194756323471665,0.0037216381169855595,0.0003212083247490227,0.0013423938071355224,0.002710293745622039,0.000642277067527175,0.0003100678732153028,0.001698397216387093,0.0004259925917722285,0.00031561075593344867,0.0007696665707044303,0.00030394838540814817
157,0.7802694439888,0.024286851286888123,0.01470858696848154,0.13322032988071442,0.0005176833365112543,0.040399421006441116,0.005940164905041456,0.004579364322125912,0.004495943896472454,0.013699589297175407,0.012723528780043125,0.001599272363819182,0.0034194590989500284,0.0021507609635591507,0.0012653996236622334,0.0009764257119968534,0.0011074366047978401,0.0020746635273098946,0.0010689113987609744,0.00053543591639027,0.00199782382696867,0.0007787442882545292,0.00034937995951622725,0.00047413670108653605,0.00038005440728738904,0.000752844731323421,0.00033336138585582376,0.00030737274209968746
158,0.3933626413345337,0.25311025977134705,0.5514217615127563,0.005985258612781763,0.0008660407620482147,0.0037365967873483896,0.005117342807352543,0.0035921516828238964,0.0018923510797321796,0.013056921772658825,0.0028758994303643703,0.001037204754538834,0.0020792274735867977,0.0008541335701011121,0.003071852959692478,0.0010455218143761158,0.0011165698524564505,0.0010593265760689974,0.0003886058693751693,0.0006958326557651162,0.0010509428102523088,0.0006317502120509744,0.0003994354046881199,0.0015939638251438737,0.00022568320855498314,0.00013021235645283014,0.0007822533953003585,4.50867555628065e-05
159,0.7602452039718628,0.015752235427498817,0.0014941827394068241,0.06575316190719604,0.0006269385921768844,0.04090000316500664,0.22080372273921967,0.000635772361420095,0.01348784752190113,0.015272218734025955,0.007256931625306606,0.0015455157263204455,0.0013130339793860912,0.00038939222577027977,0.0010858982568606734,0.0005181609885767102,0.0013529319548979402,0.0015078361611813307,0.0003677685162983835,0.000986541504971683,0.0008551250211894512,0.000593064003624022,0.00044482556404545903,0.0013165614800527692,0.00023349288676399738,0.0005808178102597594,0.0005758972256444395,0.00021700393699575216
160,0.9381281733512878,0.0018082372844219208,0.0009142247145064175,0.033154912292957306,0.0008098531397990882,0.02432817593216896,0.004176165442913771,0.0006060993764549494,0.007178434636443853,0.007280990481376648,0.0026611960493028164,0.009922444820404053,0.0022825750056654215,0.0018147160299122334,0.0010969358263537288,0.0008714972645975649,0.0010875350562855601,0.002014566445723176,0.0010098712518811226,0.0022457295563071966,0.002025911584496498,0.0008577919797971845,0.000554538331925869,0.0018745583947747946,0.0007940892246551812,0.0011897094082087278,0.0004999294760636985,0.00038620788836851716
161,0.8819242715835571,0.0030896011739969254,0.0011928617022931576,0.05534157156944275,0.0008001613896340132,0.09184200316667557,0.004476917441934347,0.0023969998583197594,0.00738565856590867,0.007836519740521908,0.004825490526854992,0.001608017017133534,0.0006121974438428879,0.0007565630367025733,0.0005467872833833098,0.0026710503734648228,0.0010329359211027622,0.0026356882881373167,0.0006043746252544224,0.0025421036407351494,0.0013054724549874663,0.0011293154675513506,0.00035791145637631416,0.0040880716405808926,0.0003369359183125198,0.0013014308642596006,0.0004902144428342581,0.0005897653172723949
162,0.6203665733337402,0.008749399334192276,0.0009425827884115279,0.0471247136592865,0.0004683992883656174,0.05863884836435318,0.17381592094898224,0.0030134031549096107,0.017224226146936417,0.02570532076060772,0.0038683710154145956,0.0007952054147608578,0.0007779147708788514,0.0004713852540589869,0.0015752405161038041,0.0012417850084602833,0.0006666549597866833,0.05028192698955536,0.0002432908513583243,0.0009739245870150626,0.0022023930214345455,0.0018004589946940541,0.0005064642755314708,0.0008634486584924161,0.00041844809311442077,0.0014234606642276049,0.015252545475959778,0.0016080146888270974
163,0.9680734276771545,0.0024859041441231966,0.0017150326166301966,0.010418903082609177,0.0017620045691728592,0.006271218881011009,0.003130862722173333,0.001425863360054791,0.003858589567244053,0.0077451192773878574,0.0015093733090907335,0.0030562616884708405,0.000989892752841115,0.002053641015663743,0.0030771205201745033,0.002615035744383931,0.001218099845573306,0.004294552840292454,0.0004743803874589503,0.0020760628394782543,0.0029079776722937822,0.0009137496235780418,0.00039219841710291803,0.002424718113616109,0.0005824085092172027,0.00038497024797834456,0.0009412487270310521,0.0004213232023175806
164,0.9049864411354065,0.0022929583210498095,0.0004505130636971444,0.0465301051735878,0.0005467731389217079,0.04121355712413788,0.014244570396840572,0.0004778957518283278,0.00624602846801281,0.019106650725007057,0.004228219389915466,0.0013038103934377432,0.0007530535222031176,0.00048396229976788163,0.0014312057755887508,0.0005321833887137473,0.0009449012577533722,0.002107082400470972,0.00022072480351198465,0.0007933703018352389,0.0020455466583371162,0.0007006910745985806,0.0003044173354282975,0.0021065501496195793,0.00023719931778032333,0.0004899852792732418,0.0006110228132456541,0.0003218677011318505
165,0.9363180994987488,0.0022660365793854,0.0017324505606666207,0.024334067478775978,0.0009398221154697239,0.03901306912302971,0.0022591969463974237,0.0025458484888076782,0.00642020720988512,0.0076779453083872795,0.0040995338931679726,0.005779375322163105,0.0009515428682789207,0.002753236796706915,0.0009360852418467402,0.0033276821486651897,0.0017507241573184729,0.0017536190571263433,0.0014862918760627508,0.0033179589081555605,0.002157188020646572,0.001049892627634108,0.00037837648415006697,0.002997506409883499,0.0007461284985765815,0.001139572006650269,0.0003635768953245133,0.0005228902446106076
166,0.4367024302482605,0.5627403259277344,0.037546854466199875,0.051378846168518066,0.004606833681464195,0.036357615143060684,0.009360580705106258,0.0031171031296253204,0.004303629510104656,0.0036478706169873476,0.08629044145345688,0.0013441304909065366,0.0033266115933656693,0.001800653408281505,0.0007260892307385802,0.004253134597092867,0.007063708733767271,0.0030733253806829453,0.0015595528529956937,0.003505012020468712,0.0012001742143183947,0.0006114192656241357,0.0012346043949946761,0.002674044808372855,0.00037539456388913095,0.000739381939638406,0.0013159685768187046,0.0003456289414316416
167,0.38404229283332825,0.4718782603740692,0.07731729745864868,0.022493619471788406,0.0005458411178551614,0.02156074345111847,0.034067630767822266,0.003615970490500331,0.0561913400888443,0.1782960742712021,0.004161745775490999,0.0056648459285497665,0.0016031395643949509,0.0029528741724789143,0.021380987018346786,0.001003636745736003,0.0010631942423060536,0.0009166105883195996,0.00310732563957572,0.0009535616845823824,0.005993667524307966,0.009405500255525112,0.001194463693536818,0.001488475245423615,0.000712876208126545,0.0005016514915041625,0.0003855012764688581,0.0002443525299895555
168,0.9285224676132202,0.0026802015490829945,0.0018700100481510162,0.06457773596048355,0.0016546177212148905,0.010036267340183258,0.002419511554762721,0.0005071838386356831,0.0015834248624742031,0.0036982200108468533,0.0028380826115608215,0.0008813553722575307,0.0010242634452879429,0.0005970345227979124,0.0006580636836588383,0.0017520847031846642,0.0012854357482865453,0.00362987513653934,0.0002557251718826592,0.0014890747843310237,0.0010077932383865118,0.00026391405845060945,0.00021395913790911436,0.0015051384689286351,0.000174365341081284,0.0003737138176802546,0.0006640883511863649,0.0002542695729061961
169,0.9635293483734131,0.0021976379211992025,0.0018324920674785972,0.01322934404015541,0.000939054531045258,0.010230720974504948,0.0034653511829674244,0.0016729445196688175,0.004938135389238596,0.009240849874913692,0.001882184878922999,0.002979183802381158,0.0007499887142330408,0.0023328952956944704,0.0019169406732544303,0.0022817966528236866,0.001283203368075192,0.0036001531407237053,0.0005898187519051135,0.0014084794092923403,0.0030131482053548098,0.0010436195880174637,0.0003505812492221594,0.001943875104188919,0.0004885670496150851,0.0004299701249692589,0.0006490115774795413,0.0003608300758060068
170,0.9677248597145081,0.002108963206410408,0.0011840842198580503,0.021372981369495392,0.0015713965985924006,0.006708262488245964,0.0036087739281356335,0.0005674665444530547,0.00263933464884758,0.006637587212026119,0.0023160879500210285,0.0022170711308717728,0.0026516367215663195,0.0018137609586119652,0.002287121955305338,0.0014296602457761765,0.0012354967184364796,0.0028715652879327536,0.00044114841148257256,0.0015445873141288757,0.0018134407000616193,0.0005521585699170828,0.0004285300092305988,0.0015032637165859342,0.00043684442061930895,0.00043144638766534626,0.0009930345695465803,0.00033932767109945416
171,0.8483268618583679,0.0023644925095140934,0.0016585900448262691,0.06991948187351227,0.002235408639535308,0.039815161377191544,0.0020092881750315428,0.0034714573994278908,0.00377716775983572,0.0037431688979268074,0.030821390450000763,0.0013415694702416658,0.0010382472537457943,0.0014073644997552037,0.0006303275586105883,0.016990596428513527,0.009809284470975399,0.0024389117024838924,0.0008889433811418712,0.005876501090824604,0.000935531163122505,0.0006106813671067357,0.0005009571905247867,0.0018425206653773785,0.000400172924855724,0.0012138861929997802,0.0006617936305701733,0.000981506542302668
172,0.929555356502533,0.0052878158167004585,0.0013626101426780224,0.06120545417070389,0.0011281095212325454,0.0297528188675642,0.0074284011498093605,0.0006214378518052399,0.004463395569473505,0.0054955934174358845,0.003966857213526964,0.001501621911302209,0.0008671254036016762,0.0007116964552551508,0.0007380549795925617,0.0007455041632056236,0.000983065227046609,0.0023008007556200027,0.0002998037962242961,0.0008709228131920099,0.0013525421964004636,0.00046025935444049537,0.00036438487586565316,0.0011718085734173656,0.00026205810718238354,0.0004804620402865112,0.0006541234324686229,0.00025852129328995943
