row,neutral,confusion,curiosity,approval,love,realization,disapproval,surprise,disappointment,annoyance,optimism,sadness,caring,fear,anger,excitement,desire,admiration,nervousness,joy,disgust,embarrassment,remorse,amusement,grief,relief,gratitude,pride
1,0.37536945939064026,0.34846657514572144,0.3374972641468048,0.06325551122426987,0.030681677162647247,0.028940722346305847,0.014147963374853134,0.011066298000514507,0.010590936057269573,0.010298307985067368,0.00866686925292015,0.004684807732701302,0.0034264405257999897,0.0030027965549379587,0.0027502861339598894,0.0027416874654591084,0.002398797543719411,0.0019267566967755556,0.0018727212445810437,0.0017921797698363662,0.001683705486357212,0.0013406530488282442,0.0013318012934178114,0.0009310995228588581,0.0006209476268850267,0.0005476619699038565,0.00021755894704256207,0.00013991609739605337
2,0.02617970108985901,0.002364933490753174,0.004063268192112446,0.00804178323596716,0.005824475083500147,0.01185648888349533,0.0073142326436936855,0.002987762214615941,0.06567133963108063,0.012737768702208996,0.0025427299551665783,0.9113718271255493,0.00893637165427208,0.004084503278136253,0.008454120717942715,0.0017336747841909528,0.003545231418684125,0.009339900687336922,0.0038745019119232893,0.005098938010632992,0.00570640480145812,0.0019944857340306044,0.01556787732988596,0.005571773741394281,0.03693968802690506,0.0018192536663264036,0.00405072933062911,0.0004956857301294804
3,0.7965571880340576,0.12628670036792755,0.09423074126243591,0.06749130040407181,0.0013294694945216179,0.019109753891825676,0.006731139030307531,0.0018335537752136588,0.0027603814378380775,0.006230213679373264,0.01663653366267681,0.0010843926575034857,0.00271893129684031,0.000946653017308563,0.0008580751600675285,0.0014874076005071402,0.0021263640373945236,0.0016522406367585063,0.0005721573252230883,0.0007652788190171123,0.0008733393624424934,0.0004160891112405807,0.00046115307486616075,0.0007886047242209315,0.000263635185547173,0.00040128419641405344,0.00038759122253395617,0.00016428004892077297
4,0.9626225829124451,0.012660842388868332,0.007706735748797655,0.009421628899872303,0.0012669378193095326,0.007090077735483646,0.00411731144413352,0.0017575793899595737,0.00341336103156209,0.0070196483284235,0.0022511337883770466,0.002121025463566184,0.000891201023478061,0.00136162422131747,0.0022419141605496407,0.001625114819034934,0.00104548002127558,0.002095511881634593,0.00042245571967214346,0.0010011261329054832,0.001851120963692665,0.0007069305283948779,0.00035976097569800913,0.0017612039810046554,0.0004384925705380738,0.00023265311028808355,0.0006201134528964758,0.00017617121920920908
5,0.3881577253341675,0.36838072538375854,0.536739706993103,0.007037326227873564,0.0011812784941866994,0.004687723238021135,0.005550211761146784,0.0037771931383758783,0.003480836283415556,0.01348793599754572,0.004411972593516111,0.001625702134333551,0.002045429078862071,0.0014407890848815441,0.0034302053973078728,0.0011024466948583722,0.001680576940998435,0.0011183060705661774,0.000613167358096689,0.0006421534344553947,0.001520837191492319,0.0007482553482986987,0.0004860691260546446,0.0012497170828282833,0.0002920547849498689,0.0001397013256791979,0.0005146516487002373,5.2780116675421596e-05
6,0.4183185398578644,0.05017707869410515,0.026231806725263596,0.10653306543827057,0.0014775117160752416,0.6280505657196045,0.0040260846726596355,0.023253126069903374,0.007249255198985338,0.008531756699085236,0.008718898519873619,0.004443375393748283,0.0017099629621952772,0.0030527464114129543,0.0012004480231553316,0.0036231311969459057,0.0016354417894035578,0.004092970862984657,0.003082212060689926,0.0033663564827293158,0.0021907067857682705,0.005997344385832548,0.0026262090541422367,0.00419509457424283,0.0013450178084895015,0.002981880446895957,0.0014993285294622183,0.0010700041893869638
7,0.9473889470100403,0.00259368191473186,0.0012097947765141726,0.03702136501669884,0.0010667212773114443,0.019257862120866776,0.0020305628422647715,0.001175167504698038,0.0030705039389431477,0.00334874726831913,0.003536513075232506,0.0014555202797055244,0.0007205001311376691,0.0010653618955984712,0.0006255672196857631,0.00287174666300416,0.0009682120871730149,0.005095397587865591,0.0004127762804273516,0.002093627117574215,0.0011879574740305543,0.0004706965119112283,0.0003231205919291824,0.0016320188296958804,0.00031020567985251546,0.000623685191385448,0.0010153009789064527,0.0004991121822968125
8,0.39355310797691345,0.02498520351946354,0.024388406425714493,0.15436160564422607,0.0018538145814090967,0.011587560176849365,0.21633251011371613,0.0006313027115538716,0.0064222607761621475,0.03372574225068092,0.03870221972465515,0.0042901118285954,0.4200739562511444,0.001599789597094059,0.005323310382664204,0.001138788997195661,0.002775871427729726,0.002802222967147827,0.002277631778270006,0.0018474576063454151,0.0007491929573006928,0.000565788010135293,0.0012149561662226915,0.0008766876417212188,0.0008579864515922964,0.0033009580802172422,0.0017394868191331625,0.00048286491073668003
9,0.7105696797370911,0.007016501855105162,0.0009709172882139683,0.07297186553478241,0.000694405403919518,0.16441960632801056,0.04844381660223007,0.0015398008981719613,0.0661744624376297,0.02917507104575634,0.006803570780903101,0.00835680216550827,0.0008975360542535782,0.0009112743427976966,0.0011469109449535608,0.0004834124993067235,0.0012695911573246121,0.001858831150457263,0.0010308660566806793,0.0013165922136977315,0.002008865587413311,0.002066598739475012,0.0007680564885959029,0.0011452645994722843,0.0008052628836594522,0.0016838015289977193,0.0004794148844666779,0.0005673289415426552
10,0.26553887128829956,0.2564230263233185,0.5836743116378784,0.015389246866106987,0.0015461243456229568,0.010736033320426941,0.02174953557550907,0.010754839517176151,0.00928178895264864,0.044742878526449203,0.001885808422230184,0.0020399701315909624,0.001391880796290934,0.003102988936007023,0.005223898217082024,0.002146714134141803,0.0016142143867909908,0.004264227580279112,0.0014745591906830668,0.000719947274774313,0.022735439240932465,0.007942741736769676,0.0007949579739943147,0.0018476062687113881,0.000527187658008188,0.00029149148031137884,0.0005583862657658756,0.00014652192476205528
11,0.664086639881134,0.2001773715019226,0.04278212785720825,0.12194248288869858,0.0008815439068712294,0.03189026564359665,0.05740936100482941,0.0015263931127265096,0.005607988219708204,0.011372098699212074,0.013045054860413074,0.001311912084929645,0.0020119633991271257,0.000939435325562954,0.0012652206933125854,0.0008399744401685894,0.002179196570068598,0.0014452573377639055,0.0006759139942005277,0.0008323510410264134,0.001013033790513873,0.0005124361487105489,0.0004375722783152014,0.0009185572271235287,0.00025536358589306474,0.0005137331318110228,0.00035095546627417207,0.00017661289894022048
12,0.4795568585395813,0.05919318273663521,0.10083899646997452,0.1721956878900528,0.0007914003217592835,0.023259099572896957,0.006103894207626581,0.004645136184990406,0.0013571622548624873,0.005344226490706205,0.004526927135884762,0.0007492058211937547,0.00222030864097178,0.0005796498735435307,0.0007403083727695048,0.0049345772713422775,0.0009384410222992301,0.003303403267636895,0.0005180241423659027,0.002310850191861391,0.0005445437855087221,0.00038899172795936465,0.0003339855174999684,0.0005696282023563981,0.0002801869122777134,0.0013862446649000049,0.013749721460044384,0.0003266287676524371
13,0.04813471809029579,0.271688312292099,0.6164418458938599,0.10327479243278503,0.004291996825486422,0.012544507160782814,0.005248703993856907,0.009764797054231167,0.0018486141925677657,0.003094189567491412,0.018506983295083046,0.0017601118888705969,0.006121899001300335,0.001454326556995511,0.001080183545127511,0.014679945074021816,0.002686181105673313,0.2082255482673645,0.0011204584734514356,0.0056266807951033115,0.0008919775136746466,0.0005968775367364287,0.0012469859793782234,0.002166635124012828,0.0008115500095300376,0.002001798013225198,0.18839888274669647,0.0008372263400815427
14,0.37907108664512634,0.003311200998723507,0.0014948700554668903,0.10896414518356323,0.0008848828147165477,0.0600791871547699,0.021174892783164978,0.007148110307753086,0.029057811945676804,0.007531203795224428,0.01224761363118887,0.0015425480669364333,0.0008370329160243273,0.0008331179851666093,0.0005924391443841159,0.003091903170570731,0.0013662043493241072,0.5215843915939331,0.00038439323543570936,0.0017853413010016084,0.0015260523650795221,0.001336015877313912,0.0005027951556257904,0.0006660503568127751,0.0006899609579704702,0.0026439325883984566,0.006955516990274191,0.0046290745958685875
15,0.33027052879333496,0.2380690574645996,0.672827959060669,0.009443222545087337,0.0014678695006296039,0.00731598399579525,0.009564791806042194,0.005889940541237593,0.011607133783400059,0.011632259003818035,0.008408253081142902,0.004802465904504061,0.003775203600525856,0.0025616686325520277,0.0024566184729337692,0.0015182566130533814,0.002524864859879017,0.0018798931268975139,0.001299272757023573,0.0007486044778488576,0.0015588009264320135,0.001184715423732996,0.001046968623995781,0.0011856298660859466,0.0005872963229194283,0.0002339925558771938,0.00037747216993011534,6.833594670752063e-05
16,0.062217045575380325,0.01202697865664959,0.01641349121928215,0.8310434222221375,0.00438179774209857,0.019520675763487816,0.004877733998000622,0.0022907829843461514,0.0014849543804302812,0.0035485143307596445,0.03832593560218811,0.0008964672451838851,0.00526468874886632,0.001282147248275578,0.000809274148195982,0.020935647189617157,0.004050210118293762,0.10739043354988098,0.0007134002516977489,0.01046710554510355,0.0010702131548896432,0.0003258220385760069,0.0003815493546426296,0.003038642695173621,0.0003342276031617075,0.0033745798282325268,0.0035857963375747204,0.0017715345602482557
17,0.8230621218681335,0.005702242720872164,0.004424314480274916,0.12480141222476959,0.0004452642460819334,0.019501129165291786,0.0352114774286747,0.002185849705711007,0.003355862107127905,0.041798185557127,0.004754962865263224,0.000606267829425633,0.0013454444706439972,0.0030131139792501926,0.003856418654322624,0.003119194181635976,0.000865264271851629,0.005316818132996559,0.0006085815257392824,0.001415253966115415,0.004632637370377779,0.0008780654170550406,9.329990280093625e-05,0.0019591834861785173,0.00019257827079854906,0.0005958035471849144,0.00015469608479179442,0.0004021481145173311
18,0.705491304397583,0.0357806459069252,0.09091827273368835,0.06368108093738556,0.05808204784989357,0.007096612825989723,0.002086605643853545,0.004387309774756432,0.0019201865652576089,0.0027486085891723633,0.005141786299645901,0.001413837424479425,0.0018795907963067293,0.0016989664873108268,0.001244690385647118,0.013404353521764278,0.002393593080341816,0.007674204185605049,0.0008364800014533103,0.006302575580775738,0.0007229493348859251,0.0002996526309289038,0.00035643859882839024,0.0008821854717098176,0.00030729538411833346,0.0005250247777439654,0.00027680874336510897,0.00029035095940344036
19,0.038394007831811905,0.8452423214912415,0.46086612343788147,0.030773507431149483,0.012805953621864319,0.06201602518558502,0.029040522873401642,0.03601992130279541,0.055399417877197266,0.029182586818933487,0.007418826688081026,0.09353788197040558,0.011648766696453094,0.2967569828033447,0.009557060897350311,0.010976698249578476,0.0031415666453540325,0.012407595291733742,0.17328763008117676,0.009541542269289494,0.008458110503852367,0.016564855352044106,0.011450695805251598,0.004652885720133781,0.009244023822247982,0.0037168797571212053,0.0029040162917226553,0.0009873872622847557
20,0.8461884260177612,0.003696939442306757,0.0027781387325376272,0.1789245903491974,0.0015177237801253796,0.03825503960251808,0.0028989592101424932,0.001356602064333856,0.0034907066728919744,0.0029773644637316465,0.0183812715113163,0.00105925346724689,0.001018883311189711,0.0007130114245228469,0.0003491838288027793,0.005754350684583187,0.005301210563629866,0.004125649109482765,0.0005505134467966855,0.002768959617242217,0.0007623098790645599,0.0003112683189101517,0.00027946048066951334,0.0012605806114152074,0.00026226381305605173,0.0010730773210525513,0.0007329030777327716,0.0006010374054312706
21,0.12548284232616425,0.003794801887124777,0.00757218711078167,0.008846469223499298,0.006630988325923681,0.010034357197582722,0.0046488260850310326,0.0026161116547882557,0.018547289073467255,0.018114782869815826,0.029881227761507034,0.009054134599864483,0.003994964063167572,0.0020327100064605474,0.004035416524857283,0.005066644866019487,0.7947582602500916,0.004784141201525927,0.0018451561918482184,0.0031003791373223066,0.005804133135825396,0.0012782728299498558,0.0034681418910622597,0.004012871067970991,0.0011912300251424313,0.0008981922292150557,0.003061458934098482,0.0006933268741704524
22,0.5386852622032166,0.2705422639846802,0.27573251724243164,0.05694564804434776,0.001713960082270205,0.03255210444331169,0.0041649723425507545,0.004684756509959698,0.0028311361093074083,0.004808488301932812,0.01865847036242485,0.0014181694714352489,0.002657729433849454,0.0009577304590493441,0.0008227473008446395,0.002621119376271963,0.0035838221665471792,0.002100298646837473,0.0008665253408253193,0.0013502852525562048,0.0005276252632029355,0.00042319795466028154,0.0005927870515733957,0.000983407604508102,0.00034110117121599615,0.0004690896312240511,0.000585015572141856,0.00015718051872681826
23,0.023604782298207283,0.005833577364683151,0.004085992928594351,0.015867706388235092,0.0027286976110190153,0.028238045051693916,0.02717677503824234,0.0010394204873591661,0.07901543378829956,0.11173919588327408,0.008637062273919582,0.11864226311445236,0.0073264227248728275,0.0011914904462173581,0.029953381046652794,0.0011430891463533044,0.004097009543329477,0.0015244089299812913,0.0025184503756463528,0.002296922728419304,0.010561874136328697,0.06550005078315735,0.6265682578086853,0.005571676418185234,0.0030139435548335314,0.0016372568206861615,0.014928730204701424,0.0007529294234700501
24,0.40646520256996155,0.09910901635885239,0.028708599507808685,0.13913090527057648,0.0023284913040697575,0.051948945969343185,0.02063846029341221,0.0034043153282254934,0.008777664974331856,0.004373752512037754,0.4827699065208435,0.001435589510947466,0.008138646371662617,0.0010729843052104115,0.0007018783362582326,0.00302947498857975,0.014935112558305264,0.004785067401826382,0.0009218102786689997,0.0017839608481153846,0.0008292204583995044,0.0005872370093129575,0.0016631268663331866,0.0008062169072218239,0.0004325642657931894,0.0010563703253865242,0.0019784762989729643,0.0006009609787724912
25,0.011098735965788364,0.0047672949731349945,0.0018642854411154985,0.04124313220381737,0.0019484300864860415,0.01810513250529766,0.023791376501321793,0.005105545744299889,0.008441359736025333,0.010843445546925068,0.009145730175077915,0.0023600806016474962,0.0026476799976080656,0.0005102049326524138,0.0017536726081743836,0.006442337762564421,0.004966793581843376,0.5109696388244629,0.00035523722181096673,0.015925496816635132,0.0019416228169575334,0.0012529876548796892,0.0016933203442022204,0.0016388694057241082,0.0009419081034138799,0.008457175455987453,0.9335496425628662,0.006612460128962994
26,0.32607409358024597,0.15372781455516815,0.3068050146102905,0.057661354541778564,0.0017094248905777931,0.03717196732759476,0.02466287650167942,0.015070781111717224,0.12863880395889282,0.02272094413638115,0.03222862258553505,0.013767631724476814,0.0032847451511770487,0.002688706386834383,0.0017624316969886422,0.0034807585179805756,0.007811220362782478,0.0044869789853692055,0.0037861319724470377,0.0012005852768197656,0.0016890204278752208,0.002583548193797469,0.001839205389842391,0.0008440493838861585,0.0010786487255245447,0.0010392264230176806,0.00020122948626521975,0.00025071040727198124
27,0.2353818416595459,0.0013532883021980524,0.0005745909293182194,0.273434579372406,0.001142146997153759,0.022466659545898438,0.09604701399803162,0.0007582352845929563,0.03091721422970295,0.31610456109046936,0.01369180902838707,0.0020761112682521343,0.0072914655320346355,0.000666566367726773,0.037821996957063675,0.0009945096680894494,0.0027177976444363594,0.04618126526474953,0.0003437237464822829,0.0013735147658735514,0.009488926269114017,0.0018912237137556076,0.0006506661302410066,0.0009722006507217884,0.0006487697246484458,0.0024220978375524282,0.010578181594610214,0.0035737270954996347
28,0.09348911046981812,0.0029599256813526154,0.00228566350415349,0.08329235762357712,0.0030374310445040464,0.012363162823021412,0.05614519491791725,0.0009648214909248054,0.010087886825203896,0.01651890203356743,0.8076484799385071,0.0028765557799488306,0.2128102332353592,0.0017595330718904734,0.004932646173983812,0.0013711720239371061,0.04955051839351654,0.009124801494181156,0.0008473957423120737,0.00151382468175143,0.0014594870153814554,0.0007267125183716416,0.0050433967262506485,0.000967892468906939,0.0009650440188124776,0.0021872948855161667,0.011770851910114288,0.0017449735896661878
29,0.6262363791465759,0.3244664967060089,0.015847785398364067,0.027505427598953247,0.0022778366692364216,0.012563546188175678,0.014851853251457214,0.0009389431215822697,0.006021546199917793,0.009272266179323196,0.016891054809093475,0.0011700406903401017,0.002246852731332183,0.0013845309149473906,0.0012939138105139136,0.0020846801344305277,0.018587566912174225,0.001384375267662108,0.0010792737593874335,0.0017492955084890127,0.0013630150351673365,0.0004512097511906177,0.0005893894121982157,0.000786005926784128,0.00025462693884037435,0.00044402951607480645,0.0009178547188639641,0.0002400658413534984
30,0.5585376024246216,0.10278170555830002,0.06727832555770874,0.014173959381878376,0.0003678665088955313,0.01579347439110279,0.21241411566734314,0.004479508846998215,0.024501100182533264,0.08801747858524323,0.003546227002516389,0.002542698523029685,0.0014465930871665478,0.0008778416668064892,0.0073549142107367516,0.0006092506228014827,0.0008568766061216593,0.0007416949374601245,0.000757260830141604,0.0005508591420948505,0.0023500267416238785,0.0017647569766268134,0.00036644539795815945,0.0011179412249475718,0.0003891927481163293,0.00026560862897895277,0.00024344281700905412,9.959260205505416e-05
31,0.4746924936771393,0.05842263624072075,0.002765767043456435,0.11988577246665955,0.00044769103988073766,0.03728195279836655,0.07420622557401657,0.0011123414151370525,0.01482166163623333,0.1426444947719574,0.007573344744741917,0.001336549175903201,0.0021444447338581085,0.0017334354342892766,0.01364099234342575,0.0006638877675868571,0.0022368801292032003,0.0013405380304902792,0.001055841101333499,0.0009539129096083343,0.0040041860193014145,0.0011521412525326014,0.00026649259962141514,0.0007554625044576824,0.0003278783115092665,0.0006874828250147402,0.00044754211558029056,0.00045611715177074075
32,0.7212046384811401,0.05904211476445198,0.003044495824724436,0.14005710184574127,0.000445798272266984,0.029285909608006477,0.03227303549647331,0.0006195802707225084,0.005586623214185238,0.026069393381476402,0.010638704523444176,0.0008584382594563067,0.0019683619029819965,0.0012727233115583658,0.0027683288790285587,0.00043206827831454575,0.0011168603086844087,0.0013794912956655025,0.0005224565975368023,0.0005910900072194636,0.0018467289628461003,0.0005429182783700526,0.00026448536664247513,0.00045256494195200503,0.00019488764519337565,0.0004497030458878726,0.00046613949234597385,0.00026166363386437297
33,0.9463720917701721,0.005157063715159893,0.0038011055439710617,0.013444202020764351,0.0009177353349514306,0.012628301978111267,0.002151621738448739,0.0019718045368790627,0.0027361782267689705,0.004346080124378204,0.006215625908225775,0.002223000628873706,0.0011794761521741748,0.0023263278417289257,0.0010554458713158965,0.007023933809250593,0.0035116635262966156,0.0011735304724425077,0.0009206776157952845,0.0032576185185462236,0.0013183350674808025,0.0006517146830447018,0.00047025634557940066,0.0025064728688448668,0.0004957086057402194,0.0006013127858750522,0.0013866625959053636,0.00036231952253729105
34,0.41505759954452515,0.0011914983624592423,0.001338526257313788,0.17367972433567047,0.0018412662902846932,0.009714131243526936,0.009475333616137505,0.0004637906386051327,0.0013761799782514572,0.01421581581234932,0.032133955508470535,0.0015982371987774968,0.4888763725757599,0.0024067917838692665,0.003296062583103776,0.002204162534326315,0.0020676846615970135,0.005240044556558132,0.0019623308908194304,0.0051956563256680965,0.0005351114086806774,0.0004241555870976299,0.0006758203380741179,0.001578033552505076,0.0006154578295536339,0.006069102790206671,0.002136361552402377,0.0011910167522728443
35,0.9604216814041138,0.0015971657121554017,0.0013732688967138529,0.0239579975605011,0.0022414044942706823,0.00877666100859642,0.002727220067754388,0.0009960965253412724,0.0038669307250529528,0.004811453633010387,0.002091572852805257,0.0023129002656787634,0.0008024004637263715,0.0011903390986844897,0.0011821880470961332,0.0035463215317577124,0.0015925748739391565,0.005429483950138092,0.00037658834480680525,0.002681280253455043,0.0018823775462806225,0.0006430573994293809,0.00035934330662712455,0.0019172298489138484,0.00039958281558938324,0.0004986932035535574,0.0007268268382176757,0.0005056931986473501
36,0.31882503628730774,0.2735564112663269,0.20829597115516663,0.035005394369363785,0.0006828005425632,0.021405303850769997,0.2697332203388214,0.008453677408397198,0.08634258061647415,0.10813012719154358,0.005494300741702318,0.005541869439184666,0.0027760311495512724,0.0028937302995473146,0.00763544999063015,0.001547867665067315,0.0012898053973913193,0.0019653020426630974,0.0036279282066971064,0.001177966594696045,0.003564384998753667,0.005719319451600313,0.0008027312578633428,0.001016908441670239,0.0007560036610811949,0.000737024936825037,0.00023827917175367475,0.00021058446145616472
37,0.522259533405304,0.007935646921396255,0.0008935218211263418,0.03968993201851845,0.0009915294358506799,0.037504710257053375,0.4766945242881775,0.0010669621406123042,0.03658749535679817,0.03410864993929863,0.005580499302595854,0.0020049528684467077,0.001103252056054771,0.0005116942338645458,0.001832921989262104,0.001026125974021852,0.004927018191665411,0.002331486204639077,0.0005124547169543803,0.0014860640512779355,0.0023230575025081635,0.0013320448342710733,0.0005944737349636853,0.0014319418696686625,0.000301455263979733,0.0009289502631872892,0.0008919112151488662,0.0004278138803783804
38,0.5372446775436401,0.003914260305464268,0.0012982782209292054,0.028942793607711792,0.00036022771382704377,0.013626622036099434,0.34575197100639343,0.0010159206576645374,0.02217961475253105,0.24452772736549377,0.0034961579367518425,0.0020434539765119553,0.002941913204267621,0.0007631955668330193,0.03732399269938469,0.00047505326801910996,0.0008620696025900543,0.001246543019078672,0.0004335171834100038,0.0004570659948512912,0.006023781839758158,0.002140872413292527,0.0004187597369309515,0.0007350504747591913,0.00032652480877004564,0.0003841822035610676,0.0005864810664206743,0.00033476814860478044
39,0.9318726062774658,0.0024485504254698753,0.0006509002414532006,0.055525101721286774,0.0006321730324998498,0.03379575163125992,0.019495215266942978,0.0005599355790764093,0.009088979102671146,0.010033784434199333,0.004039567895233631,0.003845518222078681,0.0033241920173168182,0.0014582111034542322,0.0010320775909349322,0.0005970171769149601,0.0011397082125768065,0.0015840394189581275,0.0008879902306944132,0.0013719609705731273,0.0015749713638797402,0.0007943246164359152,0.0005766450194641948,0.0009995416039600968,0.0005005949060432613,0.001518126460723579,0.0007221709238365293,0.00042509566992521286
40,0.7226190567016602,0.09731036424636841,0.10266152769327164,0.07467376440763474,0.001031451509334147,0.05461551249027252,0.002835456281900406,0.009449143894016743,0.0060503920540213585,0.005879892501980066,0.004641606006771326,0.00381019851192832,0.0010104760294780135,0.0032357661984860897,0.0007073116721585393,0.0048823789693415165,0.0014706741785630584,0.0020818649791181087,0.002825413830578327,0.0026532665360718966,0.0012465394102036953,0.0013382005272433162,0.0005739469779655337,0.001213947543874383,0.0006980500766076148,0.00115276372525841,0.0003811749047599733,0.00032455744803883135
41,0.9644070267677307,0.003479830687865615,0.0014171325601637363,0.01677320897579193,0.0015661580255255103,0.008595175109803677,0.00428600562736392,0.0009139838512055576,0.0035939100198447704,0.0068952776491642,0.001853599096648395,0.0021561854518949986,0.0008070289622992277,0.0013752189697697759,0.0021745937410742044,0.0014307383680716157,0.0009942244505509734,0.003008703701198101,0.0003312082262709737,0.0013010491384193301,0.0023566028103232384,0.0007065503741614521,0.000352481787558645,0.0017008656868711114,0.00040341715794056654,0.00031168435816653073,0.0007012431742623448,0.00029706271016038954
42,0.45133277773857117,0.0024791851174086332,0.0012686689151450992,0.026261013001203537,0.0023378212936222553,0.05707285925745964,0.03780680149793625,0.0022374591790139675,0.5068832039833069,0.03182308375835419,0.007307249121367931,0.0822129026055336,0.0023123237770050764,0.0011831085430458188,0.001187132322229445,0.001371978665702045,0.0032150123734027147,0.0028824142646044493,0.0037781207356601954,0.0033620670437812805,0.002065899781882763,0.004249634221196175,0.004269781056791544,0.0016841639298945665,0.002100430428981781,0.0036692095454782248,0.0007009805995039642,0.0006771968328393996
43,0.3456542491912842,0.01388043724000454,0.0036977282725274563,0.2938308119773865,0.001908562146127224,0.0301160030066967,0.038131602108478546,0.0011073790956288576,0.006018687505275011,0.011125333607196808,0.01111032348126173,0.0004191537154838443,0.001067307312041521,0.0003626554098445922,0.0011693804990500212,0.0018357787048444152,0.0009959351737052202,0.4780592918395996,0.0001626361918170005,0.001346707227639854,0.0015308018773794174,0.00046031689271330833,0.00022855811403132975,0.0012510474771261215,0.00019530748249962926,0.0006310897297225893,0.0020172123331576586,0.0014078397070989013
44,0.825375497341156,0.004690812435001135,0.001768641290254891,0.15189196169376373,0.001031415187753737,0.02896055020391941,0.007275461219251156,0.0004771315143443644,0.0021509758662432432,0.01097056083381176,0.010595378465950489,0.0007897211471572518,0.003663701470941305,0.0004909570561721921,0.0010179538512602448,0.0036962388549000025,0.0017746675293892622,0.00207757786847651,0.0006210198625922203,0.03594353049993515,0.0005525853484869003,0.00048142342711798847,0.000266606715740636,0.01137529406696558,0.0002485422301106155,0.00371789513155818,0.0006303140544332564,0.000890508817974478
45,0.9135299921035767,0.005920995958149433,0.0014063649578019977,0.05239340290427208,0.0004980514058843255,0.02491789497435093,0.008731072768568993,0.0014189037028700113,0.0024390588514506817,0.004942579660564661,0.0023171238135546446,0.0009617589530535042,0.0005585071048699319,0.0009568120585754514,0.000743230280932039,0.0012907369527965784,0.0004467035469133407,0.0028175883926451206,0.00030983120086602867,0.0010585542768239975,0.0013000755570828915,0.0006021945737302303,0.00024090433726087213,0.0015316592762246728,0.00023246021009981632,0.0004945059190504253,0.0009686097037047148,0.000318293139571324
46,0.45578548312187195,0.3775467872619629,0.006239644717425108,0.11039746552705765,0.0012882788432762027,0.061799537390470505,0.1754479557275772,0.0011877091601490974,0.01605808362364769,0.01618768461048603,0.024860303848981857,0.0017981097334995866,0.003218316473066807,0.0016574037726968527,0.0013497330946847796,0.0008530635386705399,0.003016343107447028,0.0017977332463487983,0.001893064472824335,0.0021784284617751837,0.0016043405048549175,0.0011479755630716681,0.0009933520341292024,0.0012110196985304356,0.00034957638126797974,0.001314193126745522,0.000996755319647491,0.000400164513848722
47,0.7293477058410645,0.11716443300247192,0.03918525576591492,0.11837829649448395,0.0013611277099698782,0.06244519725441933,0.006911368574947119,0.0030961346346884966,0.003393101505935192,0.006385491695255041,0.06628002971410751,0.0007540311780758202,0.0016924282535910606,0.0014797335024923086,0.0008159535937011242,0.005306967068463564,0.00591264059767127,0.0025647555012255907,0.0010339972795918584,0.0021618064492940903,0.0013050353154540062,0.0006153211579658091,0.0004780358576681465,0.0024320129305124283,0.0002875177888199687,0.0008023385307751596,0.0005473449127748609,0.0004594243364408612
48,0.6998709440231323,0.13033372163772583,0.16200417280197144,0.056855715811252594,0.0007290106150321662,0.029876187443733215,0.018080439418554306,0.0051633622497320175,0.01528083998709917,0.013869085349142551,0.011213287711143494,0.0030816583894193172,0.002610074356198311,0.0014941029949113727,0.001251619542017579,0.0014303835341706872,0.0019471620908007026,0.0016710445052012801,0.0013811258831992745,0.0010392317781224847,0.0009751400211825967,0.0010934763122349977,0.0006203859811648726,0.0007655162480659783,0.0004994429182261229,0.0007424608338624239,0.00020624893659260124,0.0001838723837863654
49,0.6603522896766663,0.12298566102981567,0.07700949162244797,0.12375419586896896,0.0008402141975238919,0.08614875376224518,0.013699280098080635,0.005412131082266569,0.017955973744392395,0.015392937697470188,0.016863513737916946,0.0038617784157395363,0.0018741498934105039,0.0029353550635278225,0.0010950090363621712,0.002501959912478924,0.0019480072660371661,0.0022328724153339863,0.002624379936605692,0.0015386876184493303,0.0017785667441785336,0.0018382935086265206,0.0007241519051603973,0.000992857152596116,0.0006659154896624386,0.0011166996555402875,0.00016771958325989544,0.00034103484358638525
50,0.6124086380004883,0.003229687921702862,0.004661441780626774,0.07259371131658554,0.00231675012037158,0.010693803429603577,0.004110370296984911,0.000521965092048049,0.003558296477422118,0.004608130548149347,0.18598122894763947,0.0009432435035705566,0.006023830268532038,0.0006129651446826756,0.0008561754948459566,0.0030637343879789114,0.16762621700763702,0.00396783696487546,0.0003732166369445622,0.0015909449430182576,0.0007898712647147477,0.00019536615582183003,0.0005435245693661273,0.0014668396906927228,0.0002699625911191106,0.0006091874092817307,0.002148449420928955,0.0004952150629833341
51,0.9430123567581177,0.007079943548887968,0.003524416359141469,0.024255618453025818,0.0005033530760556459,0.022296322509646416,0.002461889758706093,0.001116741681471467,0.0025188170839101076,0.0076741063967347145,0.0038985037244856358,0.0011495775543153286,0.0010584036353975534,0.0007804384804330766,0.0010003423085436225,0.0013757416745647788,0.00125141441822052,0.0014710725517943501,0.00044247147161513567,0.001210242509841919,0.0011180349392816424,0.0005049393512308598,0.0002850223972927779,0.002432954730466008,0.00025181047385558486,0.00040068826638162136,0.00043959205504506826,0.00024020709679462016
52,0.29213058948516846,0.728885293006897,0.3377836346626282,0.011983811855316162,0.001645188662223518,0.008999332785606384,0.013543025590479374,0.005830096546560526,0.003779397113248706,0.01103885192424059,0.003649916034191847,0.0014350557466968894,0.0018168229144066572,0.0014002969255670905,0.002019738545641303,0.0015695744659751654,0.0012023751623928547,0.001645740121603012,0.0008006434072740376,0.0009827702306210995,0.0014304106589406729,0.001066160504706204,0.0007978418725542724,0.001084433519281447,0.00027974677504971623,0.00023798445181455463,0.00113511155359447,8.907183655537665e-05
53,0.7570403814315796,0.21854886412620544,0.11649779230356216,0.018703248351812363,0.0006853395025245845,0.02384367398917675,0.01754370518028736,0.003771767020225525,0.008339216001331806,0.01041514240205288,0.0035479003563523293,0.004526147618889809,0.0017338671023026109,0.0017537360545247793,0.0012543692719191313,0.0009277552599087358,0.0007450272678397596,0.0012854835949838161,0.0011548013426363468,0.0008330615819431841,0.0011204248294234276,0.0011400844668969512,0.0005487942835316062,0.0009128550882451236,0.0006420224672183394,0.00042047962779179215,0.0003311185573693365,0.00011893100599991158
54,0.8819857835769653,0.010921446606516838,0.0013061508070677519,0.09131243824958801,0.0010057875188067555,0.05635300278663635,0.007740814238786697,0.0007211008341982961,0.003262714948505163,0.003757214406505227,0.006411645095795393,0.0011997008696198463,0.0010543916141614318,0.0007751501398161054,0.000577678089030087,0.0007008807733654976,0.0007735441322438419,0.0029641531873494387,0.00037230586167424917,0.001058934605680406,0.0008287449600175023,0.00041634024819359183,0.00048101635184139013,0.001048044883646071,0.0002504953881725669,0.0006665056571364403,0.0011370573192834854,0.00036276105674915016
55,0.5389342904090881,0.009651132859289646,0.01998780108988285,0.03304443508386612,0.001822129124775529,0.08082275092601776,0.004055196885019541,0.3764481544494629,0.007554952055215836,0.007209948264062405,0.014505883678793907,0.0027951449155807495,0.0012232180451974273,0.0025594753678888083,0.0010148155270144343,0.009810289368033409,0.0019766318146139383,0.005964471492916346,0.0012965217465534806,0.002742763375863433,0.002232723869383335,0.001805249834433198,0.0005334856105037034,0.0026172155048698187,0.0010662798304110765,0.0016887784004211426,0.00040751523920334876,0.0006904605543240905
56,0.842820942401886,0.013024413026869297,0.0010537017369642854,0.024888478219509125,0.00037001585587859154,0.03872872143983841,0.11342667788267136,0.0009488667128607631,0.01593543030321598,0.03170003369450569,0.00301749468781054,0.0019890214316546917,0.0010107384296134114,0.0006968301022425294,0.0021530380472540855,0.0004469669656828046,0.000729561026673764,0.0007861546473577619,0.000526175310369581,0.0009045993210747838,0.001431916723959148,0.0010152158793061972,0.00033255384187214077,0.0012623582733795047,0.00033194918069057167,0.0005757553153671324,0.0005584746249951422,0.00022241720580495894
57,0.812498927116394,0.0008824923424981534,0.0004897322505712509,0.01363021694123745,0.00047360052121803164,0.015860894694924355,0.01822066493332386,0.0008066153386607766,0.01514311134815216,0.10124964267015457,0.0021533065009862185,0.0061079771257936954,0.0012741812970489264,0.0032561973202973604,0.014126669615507126,0.0006083495682105422,0.001347305136732757,0.0007995383348315954,0.0005696849548257887,0.0009156595915555954,0.02869938127696514,0.005600473377853632,0.0008266600198112428,0.002730203326791525,0.0006255469634197652,0.0005257427110336721,0.0005896220100112259,0.00044559649541042745
58,0.8256422877311707,0.0013831740943714976,0.0005836244090460241,0.20025388896465302,0.0012109222589060664,0.02344386652112007,0.007900026626884937,0.0003715506463777274,0.0027457987889647484,0.0038238316774368286,0.008631687611341476,0.0007344419718720019,0.0018967322539538145,0.00034890483948402107,0.0005527757457457483,0.0008013147162273526,0.0008307128446176648,0.008206517435610294,0.0001769690861692652,0.0008085650042630732,0.0009970085229724646,0.00025564691168256104,0.0003067998040933162,0.0007381073664873838,0.00017132681387010962,0.0007472175639122725,0.002159865340217948,0.00045291060814633965
59,0.3979349434375763,0.19256900250911713,0.47724586725234985,0.1230715662240982,0.0026792753487825394,0.026573531329631805,0.007010331377387047,0.008860456757247448,0.006289255805313587,0.009412398561835289,0.007377828937023878,0.0026331362314522266,0.0024095431435853243,0.0027713265735656023,0.0015525971539318562,0.006211645435541868,0.0016253221547231078,0.014055371284484863,0.0017862183740362525,0.002232660073786974,0.002104236977174878,0.001233487157151103,0.0006276326603256166,0.0013625440187752247,0.0005869354354217649,0.0008417839417234063,0.00025786945479921997,0.00031850594677962363
60,0.16457918286323547,0.8358390927314758,0.010471774265170097,0.05374838784337044,0.0037111102137714624,0.13519635796546936,0.02722499519586563,0.002510183257982135,0.022012175992131233,0.015536834485828876,0.011679445393383503,0.005760719068348408,0.0033116608392447233,0.0034322140272706747,0.0024877351243048906,0.0017964595463126898,0.0026749237440526485,0.003183494322001934,0.008113818243145943,0.00880559254437685,0.002072041155770421,0.005060646682977676,0.004677675664424896,0.0035795134026557207,0.0010248632170259953,0.0029985355213284492,0.004009116441011429,0.0009207486291415989
61,0.20666132867336273,0.003014960791915655,0.002216573106124997,0.024230239912867546,0.0017133532091975212,0.013739276677370071,0.004159091040492058,0.0008911929908208549,0.0016666671726852655,0.008276915177702904,0.007909977808594704,0.0010282505536451936,0.0014726178487762809,0.0003787267196457833,0.001408386742696166,0.002027390291914344,0.0013032176066190004,0.004996475297957659,0.0003592905413825065,0.03736697882413864,0.0009762163972482085,0.000906562723685056,0.0004997939104214311,0.8414244651794434,0.0002445014542900026,0.0010369369992986321,0.0010629825992509723,0.00037197594065219164
62,0.23060131072998047,0.00925538595765829,0.00454286951571703,0.010850787162780762,0.0004579037195071578,0.009723272174596786,0.03777311369776726,0.004442344419658184,0.017024852335453033,0.6768249273300171,0.004037680570036173,0.0010174665367230773,0.0010123015381395817,0.0014318934408947825,0.1805419921875,0.0031095377635210752,0.0017514793435111642,0.002375486074015498,0.0009872537339106202,0.002704680198803544,0.05548374727368355,0.006515661720186472,0.00023460085503757,0.02582104504108429,0.0002970457135234028,0.0004377953300718218,0.00047932693269103765,0.0006358211394399405
63,0.3124111592769623,0.5694425106048584,0.04832439124584198,0.07813265174627304,0.001324858982115984,0.33429276943206787,0.014247182756662369,0.012677018530666828,0.01064722053706646,0.030102236196398735,0.014195749536156654,0.0017519996035844088,0.0013638325035572052,0.0027119361329823732,0.002626292873173952,0.002043775049969554,0.0020885018166154623,0.0020123061258345842,0.002874684054404497,0.0023951546754688025,0.003949081525206566,0.00618278281763196,0.0018230504356324673,0.003030628664419055,0.0006643849774263799,0.0014747811947017908,0.001090102712623775,0.0005674551939591765
64,0.4010065197944641,0.43830421566963196,0.42625975608825684,0.005698496475815773,0.0008098052931018174,0.005356767680495977,0.015726611018180847,0.004392144735902548,0.004641832783818245,0.02132359892129898,0.0025162380188703537,0.0014735219301655889,0.0014852243475615978,0.0010554674081504345,0.003952335100620985,0.0008603225578553975,0.0008574838284403086,0.0009495368576608598,0.0005373918684199452,0.0005923589924350381,0.0016737562837079167,0.0011687630321830511,0.0005459293024614453,0.001380699104629457,0.00028106450918130577,0.00012297934154048562,0.0005995198735035956,5.203278487897478e-05
65,0.5061673521995544,0.44331294298171997,0.22175423800945282,0.014578304253518581,0.0005314990412443876,0.01586906984448433,0.11431960761547089,0.009901747107505798,0.04573541134595871,0.060059722512960434,0.005524764768779278,0.00411930400878191,0.0014980635605752468,0.0037097069434821606,0.005612723529338837,0.0011628634529188275,0.0011151258368045092,0.001185199129395187,0.00210682675242424,0.0007055760361254215,0.004182525910437107,0.003907357808202505,0.0006612167344428599,0.0012230264255777001,0.0006446224288083613,0.00033878738759085536,0.0002705818333197385,0.00012145429354859516
66,0.11201661825180054,0.003266689833253622,0.0006560629117302597,0.09161100536584854,0.0005243723862804472,0.05854808911681175,0.009827294386923313,0.001415303791873157,0.006185941863805056,0.02080700732767582,0.003451982978731394,0.0013953826855868101,0.001069973106496036,0.00045559986028820276,0.0011954044457525015,0.001619516289792955,0.0009465055773034692,0.006801585666835308,0.00031425783527083695,0.0023627551272511482,0.0023924626875668764,0.002100691432133317,0.0012837504036724567,0.0010379885789006948,0.0004103647661395371,0.004634588025510311,0.7803425192832947,0.0016698732506483793
67,0.8777881860733032,0.0012028469936922193,0.0006005767500028014,0.06425858289003372,0.0004843409697059542,0.013019552454352379,0.0034564309753477573,0.0004995093331672251,0.001998246880248189,0.005853705108165741,0.005060852970927954,0.0006197680486366153,0.0016511250287294388,0.0003592677821870893,0.0007554092444479465,0.0016798098804429173,0.0010654233628883958,0.015647849068045616,0.0001693624653853476,0.0011929344618692994,0.0010862434282898903,0.0004370562091935426,0.00039087896584533155,0.000867213006131351,0.00019016240548808128,0.0010429149260744452,0.014164299704134464,0.0009663923992775381
68,0.06816398352384567,0.0038736206479370594,0.004894354846328497,0.03136780858039856,0.00337128434330225,0.020428257063031197,0.009275508113205433,0.0007150146993808448,0.02967609278857708,0.015331392176449299,0.006877449341118336,0.17732934653759003,0.018714696168899536,0.001121655572205782,0.003928213845938444,0.0018700314685702324,0.02371629700064659,0.0025724812876433134,0.0034130983985960484,0.006305153016000986,0.0033373162150382996,0.019214389845728874,0.7076449990272522,0.0038032964803278446,0.0041351718828082085,0.0038934333715587854,0.00734524242579937,0.0011295365402475
69,0.2658731937408447,0.002064341213554144,0.001079629990272224,0.10434353351593018,0.0005066847079433501,0.07465704530477524,0.07808003574609756,0.0019160121446475387,0.046950772404670715,0.4646849036216736,0.0037213675677776337,0.005550004076212645,0.0018770731985569,0.0036087946500629187,0.05710964277386665,0.001128533622249961,0.0018266862025484443,0.0013495158636942506,0.0013642885023728013,0.001175154116936028,0.038139667361974716,0.020660923793911934,0.0008425631676800549,0.003342169802635908,0.0006260626250877976,0.0010626271832734346,0.00026144570438191295,0.001035340828821063
70,0.020123520866036415,0.002977524185553193,0.001711274846456945,0.013600329868495464,0.006539875641465187,0.018692998215556145,0.003075239947065711,0.002160604577511549,0.0030451847705990076,0.0059210495091974735,0.009496072307229042,0.005903900135308504,0.002244847360998392,0.0015264054527506232,0.0013593632029369473,0.00712164118885994,0.003526661079376936,0.00723510654643178,0.0017620222643017769,0.2326345443725586,0.0015043455641716719,0.002003418281674385,0.0015658679185435176,0.8640148043632507,0.0007195244543254375,0.0034253692720085382,0.0025120272766798735,0.0008307105163112283
71,0.24489495158195496,0.13635094463825226,0.3259730935096741,0.061189938336610794,0.00253919861279428,0.024212341755628586,0.04981701448559761,0.004069352988153696,0.20658323168754578,0.024410856887698174,0.00873494055122137,0.08504172414541245,0.005643021315336227,0.002930687740445137,0.0019541115034371614,0.002428061794489622,0.00421226816251874,0.003351558931171894,0.0065581607632339,0.0021312676835805178,0.0019230454927310348,0.004430529195815325,0.005548867397010326,0.0018260107608512044,0.002519997302442789,0.0014892563922330737,0.00020432194287423044,0.00022348474885802716
72,0.2272774577140808,0.003202401101589203,0.0010867194505408406,0.13019439578056335,0.0017852731980383396,0.015734370797872543,0.6033875942230225,0.0006872512749396265,0.024535130709409714,0.16918644309043884,0.00600271625444293,0.002069293987005949,0.006089660804718733,0.0006913022953085601,0.03760840371251106,0.0013773292303085327,0.0017777085304260254,0.026302531361579895,0.00039102486334741116,0.0014980328269302845,0.0060043297708034515,0.0013182680122554302,0.0005276410956867039,0.0008122683502733707,0.00042707190732471645,0.0012822620337828994,0.002268746495246887,0.0014130378840491176
73,0.42725592851638794,0.004809127189218998,0.001099945860914886,0.18904003500938416,0.0007463034708052874,0.05422098934650421,0.1717146933078766,0.001880450639873743,0.0479670986533165,0.11314763128757477,0.01189977303147316,0.0009059379226528108,0.00146971654612571,0.0004387260996736586,0.004162176977843046,0.0013602329418063164,0.0016670154873281717,0.1294398009777069,0.0002914539654739201,0.0010398998856544495,0.004927233327180147,0.0016495930030941963,0.00045604610932059586,0.000833075144328177,0.00036869628820568323,0.0014879954978823662,0.0019323179731145501,0.002254810417070985
74,0.3780736029148102,0.4048748016357422,0.03400064632296562,0.02367931604385376,0.001561300945468247,0.21579602360725403,0.011105416342616081,0.00661449646577239,0.07324633002281189,0.018511489033699036,0.01302913948893547,0.030609676614403725,0.0021585936192423105,0.004373407922685146,0.001415005885064602,0.0008896984509192407,0.0018040095455944538,0.0014804756501689553,0.007922335527837276,0.0013646224979311228,0.002647376386448741,0.006645476911216974,0.004139698576182127,0.0017916194628924131,0.002339205238968134,0.0016595496563240886,0.0007097109919413924,0.0003796264063566923
75,0.945586621761322,0.004336788319051266,0.0015440065180882812,0.042259737849235535,0.0009859894635155797,0.020089855417609215,0.0037852704990655184,0.0008112553623504937,0.0026308156084269285,0.0033125265035778284,0.003294756170362234,0.0014989239862188697,0.0008115074597299099,0.0010564024560153484,0.0007255469099618495,0.0014527998864650726,0.000851882912684232,0.0030952487140893936,0.00034411114756949246,0.0013669488253071904,0.0010743302991613746,0.00040188501589000225,0.0003442266315687448,0.0012999350437894464,0.00027082752785645425,0.00043554295552894473,0.0007579690427519381,0.0003118198656011373
76,0.8460339903831482,0.0011124452576041222,0.0005974879604764283,0.15399356186389923,0.0014875420602038503,0.033378928899765015,0.006036350969225168,0.0002895710931625217,0.005693505983799696,0.011086794547736645,0.010343360714614391,0.0018364499555900693,0.007613280322402716,0.0011246491922065616,0.001191015588119626,0.0007203021086752415,0.004451985936611891,0.0052959308959543705,0.0005496746161952615,0.0006011016084812582,0.0018268130952492356,0.00047210880438797176,0.0006249900907278061,0.0005237235454842448,0.00035736188874579966,0.0010412917472422123,0.001298067974857986,0.0007550713489763439
77,0.8661121726036072,0.002240389585494995,0.0027350126765668392,0.02921622432768345,0.0014072551857680082,0.04941767826676369,0.0013861358165740967,0.007296285126358271,0.023968331515789032,0.004788731690496206,0.0039151506498456,0.0497860461473465,0.0012978961458429694,0.005805775988847017,0.0007452558493241668,0.005226456094533205,0.0026825556997209787,0.0043077366426587105,0.004416857846081257,0.006038288120180368,0.0018420183332636952,0.0018783799605444074,0.0010313016828149557,0.002418727846816182,0.0031590114813297987,0.0032907903660088778,0.0004947786219418049,0.0009553722920827568
78,0.3077951967716217,0.003767836606130004,0.000677531526889652,0.47491854429244995,0.001024729572236538,0.04032454639673233,0.041040197014808655,0.0009295562631450593,0.004732340574264526,0.0052806902676820755,0.01745373196899891,0.0015365375438705087,0.014952562749385834,0.0005008977605029941,0.0006823568837717175,0.0022318698465824127,0.0017196243861690164,0.1032310277223587,0.0005205490160733461,0.008769532665610313,0.0005863623227924109,0.0005997470580041409,0.0007241246057674289,0.0003803982399404049,0.0006385724991559982,0.01730962283909321,0.04141004756093025,0.005843097809702158
79,0.9600083827972412,0.0015963810728862882,0.0012059301370754838,0.021372318267822266,0.0007116757915355265,0.006904017645865679,0.01158337201923132,0.0007011927664279938,0.0030819980893284082,0.015360984951257706,0.0019491674611344934,0.0016097917687147856,0.0018261037766933441,0.0013894387520849705,0.006132218986749649,0.001207046676427126,0.0006479862495325506,0.0018013572553172708,0.00032631505746394396,0.001329114893451333,0.0018524588085711002,0.0006777853122912347,0.00023147753381635994,0.00204050587490201,0.0003201993531547487,0.0003059037262573838,0.0004196132649667561,0.000276632490567863
80,0.45355311036109924,0.011513162404298782,0.0012657304760068655,0.04699544981122017,0.0024844123981893063,0.732006847858429,0.00590636907145381,0.023118218407034874,0.014832965098321438,0.012663883157074451,0.005002517253160477,0.011173304170370102,0.0009672052110545337,0.005722324829548597,0.002198538277298212,0.0036611107643693686,0.0012421924620866776,0.004705814644694328,0.0038938461802899837,0.00639421958476305,0.004010418895632029,0.010202200151979923,0.0022559543140232563,0.010757665149867535,0.002117279451340437,0.00449341768398881,0.002109542256221175,0.002270120894536376
81,0.41483181715011597,0.2058914303779602,0.3267226219177246,0.03825186565518379,0.0020565856248140335,0.0715644434094429,0.005636739544570446,0.18043169379234314,0.006542818620800972,0.006119824945926666,0.009333104826509953,0.0019779002759605646,0.0011761921923607588,0.002602958818897605,0.0012574794236570597,0.008725453168153763,0.0019890563562512398,0.0034892570693045855,0.0017655720002949238,0.001757890684530139,0.0014871979365125299,0.0021518468856811523,0.0009116794681176543,0.001142261316999793,0.0007591802859678864,0.0008076048106886446,0.0005596493138000369,0.00027807283913716674
82,0.06189560890197754,0.002433841349557042,0.0015136776491999626,0.008490676991641521,0.0011187114287167788,0.00599357346072793,0.001609768602065742,0.0012989009264856577,0.0011721864575520158,0.0035274941474199295,0.003258011769503355,0.0013332962989807129,0.001326928031630814,0.0004113576142117381,0.0007033360889181495,0.003988728392869234,0.001267403713427484,0.002671666443347931,0.0002094822411891073,0.0037610537838190794,0.0008911886834539473,0.0004788077203556895,0.0008357263286598027,0.0021203947253525257,0.00028618454234674573,0.0014317455934360623,0.948672890663147,0.00037420992157422006
83,0.04321365803480148,0.0020421904046088457,0.001733542769216001,0.14129751920700073,0.0036890374030917883,0.012780341319739819,0.003341830102726817,0.0014858206268399954,0.002478049835190177,0.002741744974628091,0.008435063995420933,0.0008048870367929339,0.0015222526853904128,0.0003555438306648284,0.0006164005608297884,0.007208207622170448,0.0012566670775413513,0.8826234936714172,0.00019876594888046384,0.010927283205091953,0.0004817810549866408,0.0002265892253490165,0.00020792492432519794,0.0018201095517724752,0.00028353958623483777,0.001532280701212585,0.006550479214638472,0.004267379175871611
84,0.9341044425964355,0.014344875700771809,0.0030707241967320442,0.03938261419534683,0.0012134549906477332,0.022699259221553802,0.004448155872523785,0.0009761354303918779,0.002819342538714409,0.0036228522658348083,0.0067480760626494884,0.0014234159607440233,0.0008236744324676692,0.0010430231923237443,0.0007039328338578343,0.0012036700500175357,0.0012184398947283626,0.001990831922739744,0.0003912894462700933,0.0009924916084855795,0.0012658184859901667,0.0004673080111388117,0.0004005937371402979,0.0013980935327708721,0.00027712032897397876,0.0003524082130752504,0.0005718163447454572,0.0002260542823933065
85,0.44995594024658203,0.184885174036026,0.5870261192321777,0.007760888431221247,0.0010686860186979175,0.004771744832396507,0.0042139627039432526,0.004378414712846279,0.002690657041966915,0.00834182370454073,0.002765355631709099,0.001669769175350666,0.0021804911084473133,0.0010877209715545177,0.001984179951250553,0.0013493179576471448,0.0012013614177703857,0.0015823955181986094,0.000564556336030364,0.0006871402729302645,0.0009047302883118391,0.000630643917247653,0.0004537870117928833,0.0015327411238104105,0.00031480149482376873,0.00015770505706313998,0.0005047569866292179,4.771862950292416e-05
86,0.46406254172325134,0.0022050333209335804,0.007374979555606842,0.016616247594356537,0.0019123335368931293,0.07508419454097748,0.0023102588020265102,0.3505363166332245,0.008758895099163055,0.010297015309333801,0.008270823396742344,0.009829206392168999,0.0011833192547783256,0.01056730281561613,0.0018670638091862202,0.07741719484329224,0.003705032402649522,0.006128810811787844,0.0047541530802845955,0.015877434983849525,0.00496820081025362,0.00404994236305356,0.0005738036124967039,0.01879217103123665,0.0030313332099467516,0.004011624958366156,0.0006209686398506165,0.0018772020703181624
87,0.6038630604743958,0.5967710018157959,0.19666647911071777,0.018930023536086082,0.0011386225232854486,0.015187187120318413,0.01866861991584301,0.005616954527795315,0.006276367697864771,0.01264395471662283,0.007299964316189289,0.0016498160548508167,0.0018562345067039132,0.00243017403408885,0.0018438884289935231,0.0013174929190427065,0.0012088138610124588,0.0013043725630268455,0.0012299071531742811,0.0007377191795967519,0.0020240345038473606,0.0012481617741286755,0.0006029457435943186,0.0009109530947171152,0.0003590864653233439,0.00031724010477773845,0.0005226959474384785,0.00011805893882410601
88,0.8902842402458191,0.0023974424693733454,0.000989848980680108,0.04648301750421524,0.0002994310052599758,0.017987532541155815,0.03549269586801529,0.0003996955929324031,0.009639655239880085,0.03266972675919533,0.004507147707045078,0.0019074886804446578,0.0017536033410578966,0.0008225160418078303,0.0020135401282459497,0.0004270136705599725,0.0010472160065546632,0.0014263413613662124,0.0004191169864498079,0.00042512669460847974,0.0015979536110535264,0.0005074877990409732,0.00021191322593949735,0.0005738219479098916,0.00022742446162737906,0.00037934150896035135,0.00032511859899386764,0.0002000121312448755
89,0.8892511129379272,0.015471382066607475,0.006830391939729452,0.02126428112387657,0.0007633126806467772,0.02222839742898941,0.0036964071914553642,0.0008028594311326742,0.004123055841773748,0.012198332697153091,0.013547809794545174,0.0014886623248457909,0.002552667399868369,0.0011361039942130446,0.0013648231979459524,0.0010732423979789019,0.016002913936972618,0.0008966611931100488,0.0006962727638892829,0.0006056316778995097,0.0016503132646903396,0.000510301673784852,0.0005178533610887825,0.0009957231814041734,0.0003161600907333195,0.00039648261736147106,0.0005905803991481662,0.00022102659568190575
90,0.25914227962493896,0.6748033761978149,0.008241603150963783,0.12325876206159592,0.002555468585342169,0.046538472175598145,0.10183313488960266,0.0019595667254179716,0.011317471973598003,0.020607981830835342,0.027346843853592873,0.0011559227714315057,0.003322573145851493,0.002446234691888094,0.0022371173836290836,0.002872817451134324,0.004316882696002722,0.0030698704067617655,0.0031010040547698736,0.005744892172515392,0.0020215557888150215,0.00133884500246495,0.000940583529882133,0.0018762497929856181,0.00035150142502970994,0.0018291240558028221,0.002383303828537464,0.0007278349949046969
91,0.7858245372772217,0.34086549282073975,0.08495894819498062,0.016887815669178963,0.0010837275767698884,0.021773766726255417,0.011094559915363789,0.004121468402445316,0.006434105336666107,0.009826830588281155,0.004196345806121826,0.0022456131409853697,0.0013030091067776084,0.001541054924018681,0.0013253847137093544,0.0008807731792330742,0.0008038962841965258,0.0011657231952995062,0.0008222205797210336,0.0006676159682683647,0.0017560023115947843,0.0014408667339012027,0.0008151453803293407,0.0010792191606014967,0.00043953675776720047,0.00031236972426995635,0.0005441491957753897,0.0001262879086425528
92,0.6871230602264404,0.27545037865638733,0.2635355293750763,0.013125353492796421,0.0007090403814800084,0.0107308030128479,0.024412237107753754,0.008114120922982693,0.009011703543365002,0.016285991296172142,0.0024154498241841793,0.0018316888017579913,0.001077406108379364,0.0010620326502248645,0.00199425988830626,0.0011492568301036954,0.0008574482635594904,0.0019797517452389,0.0006412235088646412,0.0005463787820190191,0.0016715648816898465,0.0011516534723341465,0.00040588126285001636,0.0008543659350834787,0.0003846567706204951,0.00021894463861826807,0.00040128306136466563,8.68238348630257e-05
93,0.6262315511703491,0.24970437586307526,0.06622272729873657,0.08422702550888062,0.0008574426174163818,0.032728154212236404,0.05409412086009979,0.004689659457653761,0.005896097514778376,0.012069485150277615,0.004839375615119934,0.0013870298862457275,0.0012060070876032114,0.001120255677960813,0.00123253942001611,0.0010932517470791936,0.0009783509885892272,0.001260851975530386,0.0007071859436109662,0.0007171134348027408,0.0013403554912656546,0.0008451418834738433,0.0003394019149709493,0.0007070662686601281,0.00029263924807310104,0.0004456521419342607,0.00038876148755662143,0.00013826806389261037
94,0.9138864874839783,0.003460603766143322,0.0009089391096495092,0.04546501114964485,0.0007613719208166003,0.08988991379737854,0.014983425848186016,0.0019812239333987236,0.012299934402108192,0.007676002103835344,0.004182005766779184,0.0038208884652704,0.0009987434605136514,0.0013299393467605114,0.0006813993095420301,0.0010661529377102852,0.0010543584357947111,0.002929112408310175,0.0008803058881312609,0.0019483958603814244,0.001658635912463069,0.0011744177900254726,0.0005744424997828901,0.0016445707296952605,0.0006170400884002447,0.001835106173530221,0.000874640594702214,0.0006694199983030558
95,0.12932078540325165,0.6639451384544373,0.28511008620262146,0.07014819234609604,0.003212116425856948,0.03181503340601921,0.026783665642142296,0.007043876219540834,0.016807420179247856,0.009096979163587093,0.00828129705041647,0.005320311989635229,0.002569379284977913,0.002987559186294675,0.002152850618585944,0.002768706763163209,0.001070735277608037,0.1873449683189392,0.0016914521111175418,0.0011079509276896715,0.0030096236150711775,0.0020443967077881098,0.0018598117167130113,0.0012077579740434885,0.001036243629641831,0.0006786792655475438,0.0019923399668186903,0.0005651087267324328
96,0.004548701923340559,0.0036403012927621603,0.003656518179923296,0.02075248584151268,0.0027716653421521187,0.006093546282500029,0.003785340813919902,0.002452724613249302,0.0019175895722582936,0.003800617763772607,0.0066339788027107716,0.002141793491318822,0.002769791753962636,0.0006984939100220799,0.0012088795192539692,0.0049372403882443905,0.0011636096751317382,0.4892062246799469,0.0002509249316062778,0.005898470524698496,0.0015097822761163116,0.000532762729562819,0.001003818935714662,0.003169130301102996,0.000654004979878664,0.0020894829649478197,0.9839951395988464,0.0017804972594603896
97,0.2129790186882019,0.47123464941978455,0.2046249508857727,0.022151261568069458,0.0009948441293090582,0.035445764660835266,0.005345053039491177,0.03179369121789932,0.002659519901499152,0.00451206648722291,0.005417447071522474,0.0014830331783741713,0.0012550940737128258,0.0012579933973029256,0.0007953531458042562,0.004159560892730951,0.0009253972093574703,0.004218277055770159,0.0012229267740622163,0.0022429032251238823,0.0008994493982754648,0.0012672111624851823,0.0010564613621681929,0.0010507055558264256,0.0006141795311123133,0.001324483659118414,0.10092850029468536,0.0002884350542444736
98,0.5121511816978455,0.017383946105837822,0.01352888997644186,0.2010711282491684,0.0009202452492900193,0.04024830460548401,0.05177749693393707,0.011183070950210094,0.005085778888314962,0.009857993572950363,0.010103502310812473,0.0005441281828097999,0.0007880785269662738,0.001300930161960423,0.0008996015531010926,0.013313861563801765,0.001115845749154687,0.07697369158267975,0.000487803656142205,0.003942082170397043,0.00250360369682312,0.0010628869058564305,0.00019092018192168325,0.0035754358395934105,0.0002675779687706381,0.0013748634373769164,0.0005057975649833679,0.0009957373840734363
99,0.828665554523468,0.006420687772333622,0.0007660489063709974,0.04910546541213989,0.00044596579391509295,0.07068630307912827,0.0795135647058487,0.0007169627351686358,0.029495244845747948,0.017696110531687737,0.008510534651577473,0.004289454314857721,0.0016967187402769923,0.0008884230628609657,0.0008807283011265099,0.00039906337042339146,0.0012675600592046976,0.0015332709299400449,0.0007065988029353321,0.0006840018322691321,0.0013905121013522148,0.0012079754378646612,0.0009579467005096376,0.0007171551114879549,0.0004548196739051491,0.0010370634263381362,0.0006622839136980474,0.00034915254218503833
100,0.9125757217407227,0.010415393859148026,0.001994304358959198,0.04530571028590202,0.000754128210246563,0.03381810709834099,0.006467416416853666,0.0008661348838359118,0.002609472256153822,0.004780564457178116,0.002991638146340847,0.0010744332103058696,0.0006599614280276,0.0007573344628326595,0.00080080860061571,0.0008027117582969368,0.0005753778968937695,0.0017568976618349552,0.00029242897289805114,0.0009823944419622421,0.0011515794321894646,0.00043394058593548834,0.0002727544051595032,0.0010988342110067606,0.0002347825502511114,0.0004041016800329089,0.0008234217530116439,0.00024534258409403265
101,0.3884263038635254,0.0019578554201871157,0.0006858089473098516,0.6533542275428772,0.001470324699766934,0.03891664370894432,0.014041607268154621,0.0005123770679347217,0.005415926221758127,0.010196933522820473,0.013045299798250198,0.0007104161195456982,0.0015081233577802777,0.00033189222449436784,0.0009328764281235635,0.0007073055603541434,0.0009685216355137527,0.03823509067296982,0.00017576133541297168,0.0010615172795951366,0.0010937544284388423,0.0004013909201603383,0.00036148561048321426,0.0009490348747931421,0.0002029401366598904,0.0013491675490513444,0.0034638759680092335,0.0011577354744076729
102,0.20373298227787018,0.7286264896392822,0.36564427614212036,0.018236340954899788,0.0031359000131487846,0.01577047072350979,0.0063299923203885555,0.007799265906214714,0.0027078241109848022,0.005570178385823965,0.005990878213196993,0.001530149020254612,0.0016603542026132345,0.0017750433180481195,0.0012689812574535608,0.002142691519111395,0.001235179603099823,0.002596729202196002,0.0008672232506796718,0.0011812200536951423,0.0014001382514834404,0.000988348270766437,0.0009443509625270963,0.0013375283451750875,0.0003581360506359488,0.0002818561333697289,0.0017250312957912683,0.00010412721167085692
103,0.21327438950538635,0.2306622862815857,0.5837165713310242,0.04653303697705269,0.003292527049779892,0.02832035906612873,0.0027818072121590376,0.012626691721379757,0.0021908257622271776,0.004902762360870838,0.010918804444372654,0.002113846829161048,0.0033743088133633137,0.002619880484417081,0.0013400070602074265,0.004284553229808807,0.0023641909938305616,0.004828365053981543,0.00139739946462214,0.0016980237560346723,0.0010643632849678397,0.0007207088638097048,0.0006494447006843984,0.0014808055711910129,0.000527145923115313,0.00046981702325865626,0.0008965095039457083,0.00016145217523444444
104,0.1698228269815445,0.0055619594641029835,0.0022752827499061823,0.16773806512355804,0.0013152456376701593,0.046371571719646454,0.008526603691279888,0.0017083495622500777,0.011315455660223961,0.004044395871460438,0.016695644706487656,0.005965976044535637,0.0031400048173964024,0.0022945252712816,0.0004359072190709412,0.0017511809710413218,0.0012077728752046824,0.6655828356742859,0.0007718663546256721,0.0014090455370023847,0.0013042985228821635,0.0006518721347674727,0.0007582830148749053,0.0011033103801310062,0.0010296321706846356,0.0023200293071568012,0.010556578636169434,0.002579730935394764
105,0.7004865407943726,0.014626138843595982,0.013313861563801765,0.3536594808101654,0.0012712973402813077,0.023171821609139442,0.010497973300516605,0.000788440927863121,0.0013600741513073444,0.004555385094136,0.010526895523071289,0.0006028598290868104,0.003411060431972146,0.0004334676486905664,0.0005716782179661095,0.0019966615363955498,0.0026308216620236635,0.002094293711706996,0.00035534577909857035,0.0015192196005955338,0.0005491074407473207,0.0001890653365990147,0.00023593191872350872,0.0008777111070230603,0.00015757429355289787,0.0008563701412640512,0.0008976963581517339,0.00021710347209591419
106,0.8116434812545776,0.01707429438829422,0.010615677572786808,0.17745499312877655,0.0008290502591989934,0.0375213623046875,0.005265543237328529,0.0015286512207239866,0.004777740687131882,0.004298963584005833,0.009714813902974129,0.002193690976127982,0.002146589569747448,0.002103080740198493,0.0003614830202423036,0.002363688312470913,0.001497147954069078,0.006681359838694334,0.0014470035675913095,0.0011749352561309934,0.0010730343637987971,0.0003881243756040931,0.0002613833930809051,0.00076582923065871,0.0003327574522700161,0.0011243567569181323,0.0002858289808500558,0.0003051149542443454
107,0.05520964413881302,0.005177440587431192,0.0011201712768524885,0.018165897578001022,0.0009217813494615257,0.02629980817437172,0.018473662436008453,0.002178297843784094,0.003893572138622403,0.012823785655200481,0.005979490932077169,0.001293798559345305,0.001599253504537046,0.0004886580863967538,0.0017393204616382718,0.003199511906132102,0.001272792462259531,0.008131482638418674,0.00041784023051150143,0.08293115347623825,0.0015668865526095033,0.004085919354110956,0.0016245493898168206,0.6917353868484497,0.0005932129570282996,0.007159069646149874,0.39930275082588196,0.002070356858894229
108,0.8155239224433899,0.0041168793104588985,0.0019106005784124136,0.07014887779951096,0.001586240017786622,0.013082409277558327,0.008890657685697079,0.000566032889764756,0.008059162646532059,0.005464727059006691,0.0027881304267793894,0.0023585441522300243,0.0009202859364449978,0.000588400405831635,0.0007322419551201165,0.0009729146840982139,0.0006921500898897648,0.11232424527406693,0.0002277538733324036,0.0008216105052269995,0.0014319582842290401,0.00038877129554748535,0.0002801217488013208,0.0006085269851610065,0.0003127240343019366,0.0004152469045948237,0.0012019278947263956,0.00047658447874709964
109,0.24366797506809235,0.2247793972492218,0.44260773062705994,0.003365664044395089,0.0008834224427118897,0.004028523340821266,0.012041502632200718,0.016664117574691772,0.005619327537715435,0.19382520020008087,0.0020900459494441748,0.0011823418317362666,0.0012803892605006695,0.001359841087833047,0.1233014240860939,0.002137776929885149,0.0008430439047515392,0.0021497439593076706,0.000907339621335268,0.0014541161945089698,0.009168491698801517,0.0035874168388545513,0.0003240346268285066,0.015667906031012535,0.00039615502464585006,0.00018140200700145215,0.0007424363866448402,0.00013709098857361823
110,0.17793303728103638,0.002596797188743949,0.0017877588979899883,0.062265798449516296,0.004340050742030144,0.009086355566978455,0.0066854688338935375,0.0008813167805783451,0.0014145842287689447,0.00788610614836216,0.007778136990964413,0.001615891233086586,0.01495775394141674,0.0005988474003970623,0.0021659815683960915,0.025209764018654823,0.0018008359475061297,0.02679925039410591,0.0012722990941256285,0.755474328994751,0.0005603370373137295,0.000744468648917973,0.00043050741078332067,0.02243286930024624,0.0005816959310323,0.0193492379039526,0.003847184358164668,0.004246596712619066
111,0.7736930847167969,0.02145352214574814,0.001271438435651362,0.05720978602766991,0.0004498191992752254,0.2045091986656189,0.016327502205967903,0.002358029130846262,0.004932486917823553,0.008983989246189594,0.0054518491961061954,0.001530393841676414,0.0006939310696907341,0.0012666573747992516,0.0010299569694325328,0.0010510063730180264,0.000721055141184479,0.0010306829353794456,0.0007854750729165971,0.0016836869763210416,0.0012785716680809855,0.0015074959956109524,0.0006335899233818054,0.003631218569353223,0.0003729781601577997,0.0009386779274791479,0.0011065633734688163,0.00043809361523017287
112,0.3666325807571411,0.006391878239810467,0.0009878018172457814,0.24108274281024933,0.0023506092838943005,0.020237475633621216,0.27833291888237,0.0013789834920316935,0.006052967626601458,0.02070477232336998,0.0030713158193975687,0.0006790555198676884,0.001634693006053567,0.0004296810657251626,0.002427132334560156,0.005258252378553152,0.0007233353098854423,0.02842756174504757,0.0003462577296886593,0.01827484928071499,0.0014623627066612244,0.0008515716181136668,0.00020097849483136088,0.0038890826981514692,0.00026566331507638097,0.0035873607266694307,0.002224957337602973,0.0019460456678643823
113,0.6296799182891846,0.001133943209424615,0.0004271883226465434,0.06796344369649887,0.0007498196791857481,0.03005874902009964,0.03257983922958374,0.000379370991140604,0.009858249686658382,0.06982647627592087,0.005033703520894051,0.007835634052753448,0.02002079412341118,0.019707608968019485,0.011698267422616482,0.0005346355610527098,0.0012806918239220977,0.0007380599272437394,0.0032983110286295414,0.0007627306040376425,0.013050894252955914,0.005102782975882292,0.0013640346005558968,0.0011016028001904488,0.000743149546906352,0.0013343074824661016,0.00046587493852712214,0.0006317628431133926
114,0.45871052145957947,0.003174413228407502,0.0005835993797518313,0.03772641345858574,0.0005806038971059024,0.026441816240549088,0.5107022523880005,0.0011270934483036399,0.027170995250344276,0.08433310687541962,0.0031986848916858435,0.00198452384211123,0.0010293355444446206,0.0004113844479434192,0.006851885002106428,0.0005180130829103291,0.0008186977938748896,0.0016857191221788526,0.00028106075478717685,0.0007495228783227503,0.0032541288528591394,0.00168682134244591,0.0005333216395229101,0.0018721011001616716,0.00028058711905032396,0.0005980671267025173,0.0008924476569518447,0.00031512489658780396
115,0.5733945369720459,0.00140796706546098,0.0006344512803480029,0.15414738655090332,0.000525384210050106,0.02580755390226841,0.014337657950818539,0.0007308602216653526,0.014595589600503445,0.24102818965911865,0.0025418943259865046,0.0019869902171194553,0.001092397142201662,0.000810799770988524,0.02356628328561783,0.0006546943914145231,0.0007781178574077785,0.002131447196006775,0.000343907653586939,0.0008483398123644292,0.009955773130059242,0.003344452939927578,0.000390922388760373,0.0015389507170766592,0.00031224885606206954,0.0006086032371968031,0.0004820963949896395,0.0007240183767862618
116,0.45335155725479126,0.02535214088857174,0.004623983986675739,0.32288819551467896,0.0015429402701556683,0.21490578353405,0.00859652366489172,0.02141612581908703,0.004560304339975119,0.011022216640412807,0.007591180969029665,0.0009424327872693539,0.0005552295478992164,0.002791730919852853,0.0011957790702581406,0.014866015873849392,0.0018157769227400422,0.0058352951891720295,0.002023853361606598,0.008453820832073689,0.0031923495698720217,0.0020592904184013605,0.00026734155835583806,0.00260502309538424,0.0005019248346798122,0.0036338246427476406,0.0008425154373981059,0.0017737721791490912
117,0.2653287351131439,0.0034570731222629547,0.0014775082236155868,0.11017510294914246,0.0032116249203681946,0.019974755123257637,0.012207862921059132,0.0008376365294679999,0.0037674622144550085,0.010558770038187504,0.008499878458678722,0.002472957130521536,0.006280767731368542,0.0006177285104058683,0.0011442335089668632,0.027394376695156097,0.022780073806643486,0.005705549847334623,0.0019102940568700433,0.49005061388015747,0.0008134340750984848,0.0007231836207211018,0.0004853845457546413,0.009703448973596096,0.0005815515178255737,0.01764761283993721,0.002146961400285363,0.003567804116755724
118,0.9079755544662476,0.0066885510459542274,0.0015231943689286709,0.01241456251591444,0.0003317065420560539,0.052912697196006775,0.009258241392672062,0.0021561565808951855,0.01369886752218008,0.017718762159347534,0.0034007339272648096,0.003064081072807312,0.0004888356197625399,0.0009021835867315531,0.001202769111841917,0.0008206121274270117,0.0012971034739166498,0.0014986242167651653,0.0006256104679778218,0.0008219863520935178,0.0017931465990841389,0.0014059726381674409,0.000476224347949028,0.0012961303582414985,0.0004240896669216454,0.0005516109522432089,0.0007447219686582685,0.00033223474747501314
119,0.7622014880180359,0.08272069692611694,0.08216740190982819,0.019054504111409187,0.001014289679005742,0.027215834707021713,0.00343831954523921,0.005431732628494501,0.016458038240671158,0.006212766282260418,0.026045065373182297,0.01653440296649933,0.0023008633870631456,0.0071589103899896145,0.0011011468013748527,0.001775780227035284,0.004656537435948849,0.001337080029770732,0.003450126387178898,0.0009041287703439593,0.0018437691032886505,0.0012496784329414368,0.0010859934845939279,0.001121282810345292,0.0013649390311911702,0.0006165653467178345,0.00028196602943353355,0.0001955905754584819
120,0.5315766334533691,0.2895965576171875,0.22229357063770294,0.1258590966463089,0.0011793695157393813,0.02315714955329895,0.03341522067785263,0.0026877233758568764,0.004951926879584789,0.011582515202462673,0.012450497597455978,0.0016769679496064782,0.0033589096274226904,0.0012314310297369957,0.0013923455262556672,0.0014393834862858057,0.002398456446826458,0.0026959595270454884,0.0008122423896566033,0.0008005308918654919,0.0012223002268001437,0.0006134897121228278,0.0004885877715423703,0.0008106479654088616,0.00031284865690395236,0.0005415930645540357,0.00032089429441839457,0.00016337836859747767
121,0.882980227470398,0.012521904893219471,0.003023794386535883,0.09300169348716736,0.000830915174447,0.09289711713790894,0.009971121326088905,0.0017614897806197405,0.00929061509668827,0.008694341406226158,0.009888838976621628,0.004232808947563171,0.0012326345313340425,0.0019760439172387123,0.0006702732061967254,0.0008882232941687107,0.0011070931795984507,0.0019990087021142244,0.0012708784779533744,0.0009982759365811944,0.0019028028473258018,0.001061375718563795,0.0005406007403507829,0.001716704573482275,0.0005625621997751296,0.0011302991770207882,0.00038114693597890437,0.00036677587195299566
122,0.6597613096237183,0.24730151891708374,0.20785176753997803,0.08351797610521317,0.001236909651197493,0.0451318733394146,0.005377873312681913,0.008677556179463863,0.003419218584895134,0.01001803856343031,0.005885430611670017,0.0012830946361646056,0.00101763429120183,0.0016895199660211802,0.0011692318366840482,0.005441473331302404,0.0013301356229931116,0.002911956747993827,0.0014314966974779963,0.00292493449524045,0.0014717738376930356,0.0014867455465719104,0.00043824585736729205,0.004787593148648739,0.0004005205992143601,0.000795033760368824,0.00022955266467761248,0.00026902349782176316
123,0.8129170536994934,0.01183814462274313,0.009067325852811337,0.03778167441487312,0.000723272911272943,0.00860907044261694,0.005590028595179319,0.0005993030499666929,0.0016786627238616347,0.006589728407561779,0.14417150616645813,0.000836952356621623,0.021382667124271393,0.0007492600125260651,0.0010362332686781883,0.0023677442222833633,0.015027088113129139,0.0015244161477312446,0.0006097525474615395,0.002286127768456936,0.0005449054297059774,0.00019584996334742755,0.00040866152266971767,0.002246255287900567,0.0002491211052983999,0.0008539361879229546,0.0010029657278209925,0.0003043581382371485
124,0.04256955161690712,0.0025324083399027586,0.0017143763834610581,0.060709185898303986,0.0044582923874258995,0.025199441239237785,0.003600101685151458,0.0028043107595294714,0.0026270647067576647,0.00867809820920229,0.003563749836757779,0.0010494445450603962,0.0007701071444898844,0.0004766328784171492,0.0011949905892834067,0.004261406138539314,0.0010435926960781217,0.14322425425052643,0.0003437655686866492,0.043512776494026184,0.0022522469516843557,0.0017595187528058887,0.00045049935579299927,0.8462788462638855,0.00040115200681611896,0.001995146507397294,0.003454048652201891,0.001344294985756278
125,0.9027128219604492,0.013705330900847912,0.00629663560539484,0.0552775114774704,0.001292777480557561,0.018115105107426643,0.002516526496037841,0.0021401371341198683,0.001674932660534978,0.004433476831763983,0.003934849984943867,0.0007050023414194584,0.0007133278413675725,0.0014191523659974337,0.0006990073597989976,0.005124144721776247,0.0009287179564125836,0.0026232341770082712,0.0005589025095105171,0.0025503640063107014,0.0016210488975048065,0.0006022123270668089,0.00021032962831668556,0.0030876072123646736,0.0002199275913881138,0.0005618004943244159,0.00041430388228036463,0.0003352312196511775
126,0.8570138812065125,0.10999759286642075,0.12426625192165375,0.028213953599333763,0.0012655502650886774,0.010903885588049889,0.0030370857566595078,0.0046007828786969185,0.0018063094466924667,0.00489334249868989,0.003650304162874818,0.0009388939361087978,0.0011472048936411738,0.0011370860738679767,0.0010906470706686378,0.002599581377580762,0.0009367905440740287,0.0020787110552191734,0.000536820269189775,0.0008067410090006888,0.0010730247013270855,0.0005006135324947536,0.0003070745733566582,0.001207473804242909,0.00027788043371401727,0.0002510519989300519,0.00047124354750849307,0.00013304472668096423
127,0.36007627844810486,0.0132488664239645,0.0022239687386900187,0.016134021803736687,0.001012598630040884,0.01678818091750145,0.7320469617843628,0.0030969385989010334,0.05333965644240379,0.04084579274058342,0.0029956274665892124,0.003952797036617994,0.0012285396223887801,0.0008405956905335188,0.0030439516995102167,0.0012420316925272346,0.0012007516343146563,0.001794221461750567,0.0006832268554717302,0.0013717839028686285,0.0030007415916770697,0.0021296062041074038,0.0007577333017252386,0.0017829855205491185,0.00041969690937548876,0.0007877459283918142,0.0009273889008909464,0.00025963978259824216
128,0.5052802562713623,0.07249744236469269,0.6075556874275208,0.010798607021570206,0.002783416071906686,0.0032368891406804323,0.002027014037594199,0.005086586810648441,0.0013953341403976083,0.004176097922027111,0.0027391735929995775,0.0011448750738054514,0.0019496164750307798,0.0010880946647375822,0.0014247591607272625,0.004157376941293478,0.002148036379367113,0.0039050865452736616,0.00050583784468472,0.0011178826680406928,0.0007897508330643177,0.0004528244899120182,0.0003927890211343765,0.002030130010098219,0.00027443296858109534,0.00018749968148767948,0.0007415645522996783,6.356915400829166e-05
129,0.22129827737808228,0.05461999028921127,0.22480227053165436,0.4739012122154236,0.002741111209616065,0.04301196336746216,0.0033421365078538656,0.012291335500776768,0.0016207256121560931,0.005575413350015879,0.00654903007671237,0.001838961965404451,0.0038912463933229446,0.0024651894345879555,0.0015454472741112113,0.011774946004152298,0.002015803474932909,0.0080000264570117,0.0015516565181314945,0.0026938053779304028,0.0012126785004511476,0.0007101795054040849,0.0005296084564179182,0.00111882493365556,0.0004980338271707296,0.0013698472175747156,0.0013056917814537883,0.00041142053669318557
130,0.7646667957305908,0.023736894130706787,0.0030030962079763412,0.21598327159881592,0.0013370360247790813,0.09353722631931305,0.006351991090923548,0.0012633661972358823,0.0033849074970930815,0.004006411414593458,0.025305407121777534,0.0007337570423260331,0.0012098540319129825,0.0006808459875173867,0.0004912976291961968,0.001130570424720645,0.001710281940177083,0.004756829235702753,0.0004460082855075598,0.0009937850991263986,0.0009131408296525478,0.0003698953951243311,0.00041998366941697896,0.0009710565209388733,0.00022858796000946313,0.0007684294832870364,0.001217939192429185,0.00048596906708553433
131,0.6239394545555115,0.004424307495355606,0.003458938328549266,0.49357888102531433,0.001234997296705842,0.028002308681607246,0.0030128632206469774,0.0008698230958543718,0.0015202268259599805,0.003908384125679731,0.010624540038406849,0.0009633160079829395,0.0017016091151162982,0.0009323538979515433,0.000532190257217735,0.002940228208899498,0.002275301143527031,0.0033221940975636244,0.0005653222906403244,0.0016439384780824184,0.0012085577473044395,0.0003446653427090496,0.000270792399533093,0.0014398688217625022,0.0002042975975200534,0.0009476050036028028,0.0005918779061175883,0.0004270814824849367
132,0.1448965072631836,0.09294150769710541,0.21385568380355835,0.6553457379341125,0.003960375674068928,0.02420988492667675,0.05127197504043579,0.0025191130116581917,0.005857489071786404,0.014353177510201931,0.016995728015899658,0.0014170212671160698,0.005696824751794338,0.0009517591097392142,0.0021007254254072905,0.0042816163040697575,0.0020308303646743298,0.1485224962234497,0.000771752733271569,0.002767251105979085,0.0016672074561938643,0.0008743756334297359,0.0007815317949280143,0.0026038652285933495,0.0004337612772360444,0.0016049898695200682,0.0011225909693166614,0.0008501637494191527
133,0.7136799097061157,0.0352611280977726,0.046870164573192596,0.19257916510105133,0.0017246134812012315,0.04694393277168274,0.0041685872711241245,0.005881188437342644,0.003008236177265644,0.00414150720462203,0.009644627571105957,0.0006774585926905274,0.0009013698436319828,0.0006975001306273043,0.0004411366244312376,0.006739187985658646,0.0017590976785868406,0.02521600015461445,0.0005174517282284796,0.0016246468294411898,0.0010967383859679103,0.00042930355994030833,0.0002715240407269448,0.000996689312160015,0.0002606219204608351,0.0006806402816437185,0.00036499957786872983,0.0004626112640835345
134,0.9606096148490906,0.0037567021790891886,0.0015989283565431833,0.021338200196623802,0.0011004017433151603,0.012485918588936329,0.0053093815222382545,0.0008548455080017447,0.004701680038124323,0.007813770323991776,0.0022681658156216145,0.0022573608439415693,0.0007260259008035064,0.0011095479130744934,0.0015891781076788902,0.0009383480646647513,0.0009301498648710549,0.003044925630092621,0.00031643692636862397,0.0008510760380886495,0.0020098830573260784,0.0005656858556903899,0.00030502391746267676,0.0010670475894585252,0.00034551744465716183,0.0003111617988906801,0.0006042568129487336,0.0002459925599396229
135,0.837893009185791,0.015793023630976677,0.0044203526340425014,0.19379295408725739,0.0019294177182018757,0.058846063911914825,0.008979519829154015,0.0008108983747661114,0.003002626821398735,0.0063570463098585606,0.034523334354162216,0.000704409321770072,0.002786422148346901,0.000561198394279927,0.0008034728234633803,0.0010783467441797256,0.002315845573320985,0.003348086727783084,0.0004163009871263057,0.0013775803381577134,0.0006276332424022257,0.0002591785159893334,0.0003203465312253684,0.0012438209960237145,0.00023433838214259595,0.0007996365893632174,0.0005320084164850414,0.0004135517810937017
136,0.8076100945472717,0.041932735592126846,0.012733045034110546,0.14306607842445374,0.0011061260011047125,0.04198933392763138,0.019327372312545776,0.0011423543328419328,0.008926385082304478,0.005672572646290064,0.032836608588695526,0.003730467287823558,0.0037981760688126087,0.002540446585044265,0.0005742385983467102,0.0011897491058334708,0.00260236207395792,0.00338946096599102,0.0016795499250292778,0.0019967849366366863,0.0010849165264517069,0.0005253053386695683,0.0005531726055778563,0.0012851989595219493,0.000580993655603379,0.0018714854959398508,0.00031705686706118286,0.000442305114120245
137,0.2852596938610077,0.07391750067472458,0.07296938449144363,0.024717343971133232,0.0008910490432754159,0.02348431572318077,0.04011835902929306,0.0029853256419301033,0.006271968130022287,0.02714063599705696,0.016375619918107986,0.0020440754014998674,0.0026345178484916687,0.001022147131152451,0.003812861628830433,0.0024770458694547415,0.0024038762785494328,0.0018552126130089164,0.0013768426142632961,0.020581750199198723,0.001954509411007166,0.0017470396123826504,0.0007460876367986202,0.7052311897277832,0.0004570934106595814,0.0012725427513942122,0.0003823934239335358,0.0002631311654113233
138,0.036489199846982956,0.004309445153921843,0.0010989017318934202,0.007757981773465872,0.00047083452227525413,0.02448360063135624,0.014998473227024078,0.0033590421080589294,0.018826669082045555,0.03359819948673248,0.003105652518570423,0.005099404603242874,0.0010687006870284677,0.0009824280859902501,0.0021788938902318478,0.0020372720900923014,0.0011970464838668704,0.002398366341367364,0.0006507290527224541,0.002851651282981038,0.0031479301396757364,0.004357309080660343,0.0035947533324360847,0.0028631617315113544,0.0007637146627530456,0.0044163609854876995,0.9484700560569763,0.0007935132016427815
139,0.5550880432128906,0.5389600396156311,0.03349313139915466,0.08870938420295715,0.002367290435358882,0.0343371145427227,0.047734711319208145,0.002272001001983881,0.008526288904249668,0.01535993255674839,0.009223530068993568,0.001481532701291144,0.002405275125056505,0.0015954518457874656,0.0017067418666556478,0.0014519651886075735,0.0016410062089562416,0.0025641017127782106,0.0015122556360438466,0.001338853850029409,0.0018640155903995037,0.0008666748180985451,0.0005155631806701422,0.0007824774947948754,0.0003004716709256172,0.0007113682804629207,0.00038540115929208696,0.00028585814288817346
140,0.7672697901725769,0.01877518743276596,0.002674589166417718,0.07371260970830917,0.0005077074747532606,0.1187526285648346,0.03584028780460358,0.0017930808244273067,0.04585146903991699,0.04553722217679024,0.0164091344922781,0.010303621180355549,0.001453180331736803,0.005083766765892506,0.0015415099915117025,0.00045759850763715804,0.002172676147893071,0.001088379300199449,0.0024075566325336695,0.0006114603020250797,0.01036151498556137,0.003206137102097273,0.0008558145491406322,0.0011673654662445188,0.0009097846923395991,0.0011977929389104247,0.0004228487377986312,0.00039006618317216635
141,0.044052813202142715,0.024222375825047493,0.012431474402546883,0.08511947840452194,0.002343576168641448,0.01670854166150093,0.0071283369325101376,0.0025875952560454607,0.002067885361611843,0.002313164295628667,0.15534186363220215,0.0008297591703012586,0.004003104288130999,0.0005946505116298795,0.0004468975239433348,0.011937576346099377,0.023704640567302704,0.42537277936935425,0.0003329678438603878,0.005935251247137785,0.0008067453163675964,0.0003026437188964337,0.0008395519107580185,0.0022274472285062075,0.0004381013277452439,0.0019488789839670062,0.5771617889404297,0.0027536284178495407
142,0.6714920997619629,0.02049570530653,0.004758861381560564,0.11124219000339508,0.0005324347876012325,0.01881127618253231,0.20913243293762207,0.0007811167160980403,0.007388668600469828,0.026039572432637215,0.005902470089495182,0.0005412189057096839,0.0020436544436961412,0.00027417196542955935,0.0022210862953215837,0.000871119147632271,0.0008917743689380586,0.022444412112236023,0.00020899446099065244,0.0006756522343493998,0.000973411079030484,0.000389124674256891,0.00020546774612739682,0.000669795845169574,0.00016039189358707517,0.00047872765571810305,0.0010483989026397467,0.00035681991721503437
143,0.6505586504936218,0.0012576879234984517,0.0009928325889632106,0.4414805471897125,0.0009728312725201249,0.018897108733654022,0.006941326428204775,0.00039147562347352505,0.002022115746513009,0.007762228604406118,0.011274202726781368,0.0004996924544684589,0.001514287432655692,0.00032733517582528293,0.0009482278255745769,0.0010814396664500237,0.0011625350452959538,0.006942216772586107,0.00014241746976040304,0.0008710834081284702,0.0009121230104938149,0.00018985893984790891,0.00016333305393345654,0.00116043072193861,0.00011538239050423726,0.0005979232373647392,0.0006375390221364796,0.00040058590820990503
144,0.41328704357147217,0.015605388209223747,0.0013352329842746258,0.11103156208992004,0.0010426302906125784,0.027012553066015244,0.6173514723777771,0.0008827640558592975,0.026105139404535294,0.03469697758555412,0.006690372712910175,0.0018310011364519596,0.00255571654997766,0.00047993657062761486,0.0031353856902569532,0.0006435960531234741,0.0016644614515826106,0.007498267572373152,0.0004099655197933316,0.000895998440682888,0.001998110907152295,0.00098659738432616,0.0008333259611390531,0.000806021795142442,0.0003213657473679632,0.000925495580304414,0.0015180838527157903,0.0005166695336811244
145,0.4142206609249115,0.15918274223804474,0.5802339315414429,0.03364674746990204,0.001772470772266388,0.007630751468241215,0.00992028508335352,0.0027296412736177444,0.003656389657407999,0.010547174140810966,0.014185416512191296,0.00264926184900105,0.01726023107767105,0.0019718261901289225,0.0022071609273552895,0.001422989647835493,0.0034612156450748444,0.0021835847292095423,0.0011707681696861982,0.0008865804993547499,0.0009168573305942118,0.0005094796069897711,0.0007019593031145632,0.0008098608232103288,0.00042293377919122577,0.0004354219126980752,0.000370035064406693,0.00010580774687696248
146,0.828133225440979,0.0017778304172679782,0.0009920222219079733,0.13213934004306793,0.0019604715052992105,0.1466699242591858,0.0027970019727945328,0.005036526825278997,0.004375675693154335,0.004559328313916922,0.008638168685138226,0.002048310125246644,0.0012316240463405848,0.0015802461421117187,0.0004863912472501397,0.007079544942826033,0.0020394662860780954,0.005967749282717705,0.0012179786572232842,0.004284270107746124,0.001236496726050973,0.0008071193587966263,0.0004856000014115125,0.0020766814704984426,0.0005767914699390531,0.0026298784650862217,0.000988500309176743,0.0015978097217157483
147,0.26004528999328613,0.3745797276496887,0.6045922636985779,0.012924304232001305,0.0018531378591433167,0.009458606131374836,0.0035872207954525948,0.008758671581745148,0.0023069342132657766,0.006388163659721613,0.006160689052194357,0.0011927162995561957,0.0015941413585096598,0.0013935506576672196,0.00156163249630481,0.0022750196512788534,0.0016095993341878057,0.0021342693362385035,0.0006831910577602684,0.0009223361848853528,0.0009345933794975281,0.000649147666990757,0.0005408308934420347,0.0011917543597519398,0.00027422059793025255,0.0001936794724315405,0.0007972269668243825,6.807805766584352e-05
148,0.9422023296356201,0.0038055083714425564,0.0012865130556747317,0.023089295253157616,0.000485696509713307,0.03702593594789505,0.006726476363837719,0.002147924853488803,0.006042582914233208,0.011369263753294945,0.0032562469132244587,0.0014623987954109907,0.0005856507341377437,0.0008461144752800465,0.000949975335970521,0.0014682295732200146,0.0010152502218261361,0.0023101598490029573,0.0004304530448280275,0.001066654222086072,0.0013849687529727817,0.0007206886657513678,0.00025079265469685197,0.0012982726329937577,0.0003182260843459517,0.0005637865979224443,0.0006977148586884141,0.0003532989649102092
149,0.029800496995449066,0.0012694987235590816,0.0008154534152708948,0.15866537392139435,0.0014197876444086432,0.007361974101513624,0.002821932313963771,0.0011845225235447288,0.0011008678702637553,0.004517029970884323,0.006287822034209967,0.0006005086470395327,0.002784800948575139,0.00031589585705660284,0.0008407443528994918,0.009188847616314888,0.0010393803240731359,0.09473669528961182,0.0001694091479294002,0.009819195605814457,0.0007853018469177186,0.000317496684147045,0.00038274371763691306,0.0013696652604267001,0.00029098306549713016,0.00421865563839674,0.9173169732093811,0.0036056512035429478
150,0.6088443398475647,0.18041861057281494,0.3484535217285156,0.019415490329265594,0.0007723983726464212,0.008825008757412434,0.02632785402238369,0.0039967745542526245,0.017244409769773483,0.03627965971827507,0.00508543848991394,0.0031445722561329603,0.0024167648516595364,0.0013925059465691447,0.004857511725276709,0.0011680478928610682,0.0018498016288504004,0.0017713962588459253,0.0010046230163425207,0.000600498344283551,0.001894740154966712,0.0010921894572675228,0.00044106642599217594,0.0007234893855638802,0.0004353717085905373,0.00023733367561362684,0.00015337391232606024,9.610250708647072e-05
151,0.7626602053642273,0.0067038629204034805,0.01040835864841938,0.24701620638370514,0.0015633017756044865,0.05250000208616257,0.0023294463753700256,0.0030515710823237896,0.0020944015122950077,0.006101004779338837,0.005029017571359873,0.000762712094001472,0.0010576547356322408,0.0005729816621169448,0.0007011386333033442,0.003455255413427949,0.0012369562173262239,0.007088946644216776,0.0003854733658954501,0.001390917575918138,0.0008953507640399039,0.00038473913446068764,0.00019805254123639315,0.001191406510770321,0.00020662845054175705,0.0006927872309461236,0.0002827259595505893,0.00034090335248038173
152,0.9223070740699768,0.0016269315965473652,0.0037571750581264496,0.045177802443504333,0.0030715127941221,0.003556386800482869,0.0011175936087965965,0.0008292197016999125,0.0011971211060881615,0.0029861703515052795,0.002407681429758668,0.0011482133995741606,0.0015840468695387244,0.0006528644589707255,0.001349003752693534,0.010864363051950932,0.0020518817473202944,0.004492558538913727,0.00027288601268082857,0.006281381472945213,0.0008877195068635046,0.00027057252009399235,0.0002519245317671448,0.0023246649652719498,0.00026796883321367204,0.0005009077722206712,0.0008166101179085672,0.0004509012505877763
153,0.12688787281513214,0.8205304145812988,0.37151017785072327,0.01035794522613287,0.003391165751963854,0.00806700810790062,0.009666938334703445,0.005844192113727331,0.005093002691864967,0.013428191654384136,0.004151123575866222,0.0022602591197937727,0.002408707980066538,0.0029038770589977503,0.0027162213809788227,0.002887008711695671,0.001861220458522439,0.0025541624054312706,0.0019538213964551687,0.001772580435499549,0.002002197317779064,0.0017514977371320128,0.0016136649064719677,0.0014091400662437081,0.00041044200770556927,0.000304415007121861,0.001990094082430005,0.00012383742432575673
154,0.34857019782066345,0.1716459095478058,0.5908433198928833,0.020779956132173538,0.0021169399842619896,0.011657865718007088,0.0028722984716296196,0.003249379573389888,0.0018768865847960114,0.005746237467974424,0.01283958088606596,0.0014643101021647453,0.0034773366060107946,0.0012606063392013311,0.0013454759027808905,0.002117013558745384,0.005706715863198042,0.002015967620536685,0.0006672483286820352,0.0010605722200125456,0.0007544969557784498,0.00047774866106919944,0.0007789087831042707,0.0020097033120691776,0.0003081923059653491,0.00025415251730009913,0.0005030044121667743,8.20257919258438e-05
155,0.3293260931968689,0.19525468349456787,0.6549457311630249,0.006857897154986858,0.0019228834426030517,0.00334584410302341,0.003773077391088009,0.0032233286183327436,0.0017234315164387226,0.008070461452007294,0.002572776284068823,0.0010780488373711705,0.0019803952891379595,0.0008787797996774316,0.0022507139947265387,0.0013915342278778553,0.001361071947030723,0.001690367003902793,0.0004330869996920228,0.0009194419835694134,0.0009801109554246068,0.0005636790883727372,0.00045828038128092885,0.002206128789111972,0.00024136922729667276,0.00013848088565282524,0.00082072161603719,4.204689321340993e-05
156,0.9640308618545532,0.001946164295077324,0.0013116791378706694,0.015368133783340454,0.0016800937009975314,0.006514439824968576,0.004485939629375935,0.0008870282908901572,0.004098556935787201,0.007911119610071182,0.0015629222616553307,0.0027066203765571117,0.0008368765702471137,0.0014778978656977415,0.002491619437932968,0.0015569444512948394,0.0010194751666858792,0.003721639746800065,0.00032120771356858313,0.0013423925265669823,0.0027102900203317404,0.0006422761944122612,0.00031006758217699826,0.0016983988462015986,0.0004259921843186021,0.0003156104648951441,0.0007696662214584649,0.00030394812347367406
157,0.7802690863609314,0.024286914616823196,0.014708621427416801,0.13322055339813232,0.0005176843260414898,0.04039950296282768,0.005940168164670467,0.004579377826303244,0.004495946224778891,0.013699596747756004,0.012723559513688087,0.0015992738772183657,0.0034194670151919127,0.002150763990357518,0.0012654002057388425,0.000976426643319428,0.0011074391659349203,0.0020746674854308367,0.0010689140763133764,0.0005354366730898619,0.0019978247582912445,0.0007787458598613739,0.000349380454281345,0.000474137399578467,0.0003800551639869809,0.0007528465357609093,0.00033336077467538416,0.0003073733241762966
158,0.3933626413345337,0.253110408782959,0.5514217615127563,0.005985266994684935,0.0008660415769554675,0.003736598649993539,0.005117347929626703,0.0035921516828238964,0.0018923518946394324,0.013056915253400803,0.002875902224332094,0.0010372056858614087,0.0020792295690625906,0.0008541347342543304,0.0030718487687408924,0.0010455213487148285,0.0011165698524564505,0.0010593271581456065,0.00038860569475218654,0.0006958330050110817,0.0010509423445910215,0.0006317502120509744,0.0003994350554421544,0.001593963010236621,0.0002256834413856268,0.00013021235645283014,0.000782253744546324,4.50867555628065e-05
159,0.7602453231811523,0.015752222388982773,0.0014941820409148932,0.06575317680835724,0.000626938883215189,0.04089999198913574,0.22080320119857788,0.0006357711972668767,0.013487822376191616,0.015272197313606739,0.007256928365677595,0.0015455157263204455,0.001313030836172402,0.00038939222577027977,0.0010858967434614897,0.0005181606975384057,0.00135292939376086,0.0015078354626893997,0.0003677676140796393,0.0009865424362942576,0.0008551237406209111,0.0005930634215474129,0.000444824923761189,0.0013165614800527692,0.00023349268303718418,0.0005808178102597594,0.0005758972256444395,0.00021700414072256535
160,0.9381282925605774,0.001808236469514668,0.0009142260532826185,0.03315489739179611,0.0008098531397990882,0.02432813122868538,0.004176171496510506,0.0006060987943783402,0.007178455125540495,0.007281011436134577,0.0026611988432705402,0.009922491386532784,0.0022825871128588915,0.0018147168448194861,0.0010969400173053145,0.0008714960422366858,0.0010875365696847439,0.002014566445723176,0.0010098731145262718,0.002245728624984622,0.0020259146112948656,0.00085779360961169,0.0005545390886254609,0.0018745566485449672,0.0007940922514535487,0.0011897110380232334,0.0004999299417249858,0.00038620864506810904
161,0.8819239139556885,0.0030895995441824198,0.0011928622843697667,0.05534159392118454,0.000800162146333605,0.09184225648641586,0.00447693420574069,0.0023970170877873898,0.007385661825537682,0.007836523465812206,0.004825485870242119,0.0016080185305327177,0.000612195348367095,0.0007565633859485388,0.0005467869923450053,0.002671064343303442,0.0010329344077035785,0.002635690849274397,0.0006043763714842498,0.0025421143509447575,0.0013054754817858338,0.0011293170973658562,0.0003579106123652309,0.004088088870048523,0.00033693626755848527,0.0013014363357797265,0.0004902135115116835,0.0005897670052945614
162,0.6203662157058716,0.008749394677579403,0.0009425831958651543,0.047124702483415604,0.00046839838614687324,0.05863884836435318,0.17381593585014343,0.0030134031549096107,0.017224226146936417,0.025705333799123764,0.0038683691527694464,0.0007952050073072314,0.0007779151201248169,0.00047138574882410467,0.0015752420295029879,0.0012417844263836741,0.0006666549597866833,0.05028202012181282,0.0002432908513583243,0.0009739250526763499,0.002202394185587764,0.0018004605080932379,0.0005064649740234017,0.0008634478435851634,0.0004184476856607944,0.0014234613627195358,0.015252582728862762,0.0016080153873190284
163,0.9680734276771545,0.002485905308276415,0.0017150342464447021,0.01041889376938343,0.0017620072467252612,0.006271212827414274,0.0031308657489717007,0.0014258641749620438,0.003858591429889202,0.007745115552097559,0.0015093740075826645,0.0030562588945031166,0.0009898922871798277,0.002053637057542801,0.0030771219171583652,0.0026150343474000692,0.001218100544065237,0.0042945463210344315,0.0004743796889670193,0.002076063770800829,0.002907976508140564,0.0009137500310316682,0.00039219841710291803,0.002424718113616109,0.0005824088002555072,0.00038497024797834456,0.0009412478539161384,0.0004213229694869369
164,0.9049864411354065,0.0022929636761546135,0.0004505137330852449,0.04653016850352287,0.0005467726732604206,0.041213508695364,0.014244558289647102,0.0004778957518283278,0.006246019620448351,0.01910661719739437,0.004228223580867052,0.0013038103934377432,0.0007530528237111866,0.0004839618632104248,0.001431203680112958,0.0005321833887137473,0.0009449007920920849,0.0021070854272693396,0.00022072438150644302,0.0007933699525892735,0.002045544795691967,0.0007006904343143106,0.0003044173354282975,0.0021065459586679935,0.00023719953605905175,0.0004899850464425981,0.0006110222893767059,0.0003218677011318505
165,0.9363182187080383,0.002266032388433814,0.0017324496293440461,0.02433406002819538,0.0009398221154697239,0.03901302441954613,0.0022591969463974237,0.00254584732465446,0.0064202104695141315,0.007677941583096981,0.004099528305232525,0.005779386032372713,0.000951541995164007,0.002753236796706915,0.0009360852418467402,0.0033276821486651897,0.001750723458826542,0.0017536190571263433,0.0014862918760627508,0.0033179575111716986,0.0021571859251707792,0.0010498930932953954,0.0003783761349041015,0.002997507806867361,0.000746128149330616,0.0011395708424970508,0.00036357674980536103,0.0005228904774412513
166,0.4367035925388336,0.5627403259277344,0.037546683102846146,0.05137879401445389,0.004606824833899736,0.03635774925351143,0.009360584430396557,0.0031170956790447235,0.004303629510104656,0.003647878998890519,0.08629003167152405,0.0013441297924146056,0.003326602280139923,0.001800650148652494,0.0007260902784764767,0.004253116436302662,0.007063691969960928,0.0030733165331184864,0.0015595521545037627,0.003505005268380046,0.001200174679979682,0.0006114207208156586,0.0012346032308414578,0.002674039686098695,0.000375394185539335,0.0007393823470920324,0.0013159660156816244,0.00034562862128950655
167,0.3840424120426178,0.4718775153160095,0.07731737941503525,0.022493578493595123,0.0005458403029479086,0.021560724824666977,0.03406763821840286,0.0036159721203148365,0.05619136989116669,0.17829658091068268,0.004161742050200701,0.0056648533791303635,0.001603138749487698,0.0029528699815273285,0.021381037309765816,0.0010036362800747156,0.0010631942423060536,0.0009166092495433986,0.0031073226127773523,0.0009535621502436697,0.005993678700178862,0.009405504912137985,0.0011944614816457033,0.001488476642407477,0.0007128759170882404,0.0005016512586735189,0.0003855008981190622,0.0002443525299895555
168,0.9285225868225098,0.002680199220776558,0.0018700084183365107,0.06457766145467758,0.0016546170227229595,0.010036258026957512,0.0024195138830691576,0.0005071833729743958,0.0015834271907806396,0.003698222106322646,0.0028380826115608215,0.0008813562453724444,0.001024265424348414,0.0005970345227979124,0.0006580652552656829,0.0017520830733701587,0.0012854364467784762,0.003629876533523202,0.0002557249099481851,0.0014890742022544146,0.0010077932383865118,0.00026391432038508356,0.00021395893418230116,0.0015051384689286351,0.00017436500638723373,0.0003737129445653409,0.0006640867795795202,0.0002542695729061961
169,0.9635293483734131,0.002197638852521777,0.001832490204833448,0.01322934404015541,0.0009390555205754936,0.010230707004666328,0.0034653511829674244,0.0016729453345760703,0.0049381256103515625,0.009240854531526566,0.001882184878922999,0.002979183802381158,0.0007499887142330408,0.002332900883629918,0.0019169379957020283,0.0022817954886704683,0.001283203368075192,0.003600154770538211,0.0005898184608668089,0.0014084794092923403,0.0030131496023386717,0.0010436206357553601,0.0003505814238451421,0.001943875104188919,0.0004885672824457288,0.0004299701249692589,0.0006490125088021159,0.00036082990118302405
170,0.9677248597145081,0.002108963206410408,0.0011840853840112686,0.021372981369495392,0.0015713950851932168,0.006708262488245964,0.003608768805861473,0.0005674673593603075,0.00263933720998466,0.006637577898800373,0.002316083526238799,0.00221706903539598,0.002651630435138941,0.001813759095966816,0.002287116600200534,0.0014296609442681074,0.0012354955542832613,0.0028715680819004774,0.0004411475674714893,0.0015445873141288757,0.0018134397687390447,0.0005521585699170828,0.00042852977639995515,0.0015032649971544743,0.0004368439840618521,0.0004314459511078894,0.0009930339874699712,0.0003393275255803019
171,0.8483264446258545,0.0023644957691431046,0.0016585940029472113,0.06991955637931824,0.002235411899164319,0.03981511667370796,0.0020092863123863935,0.0034714573994278908,0.0037771607749164104,0.0037431649398058653,0.030821524560451508,0.0013415674911811948,0.0010382466716691852,0.0014073638012632728,0.0006303272093646228,0.01699063740670681,0.009809335693717003,0.0024389137979596853,0.0008889426244422793,0.005876509938389063,0.0009355288930237293,0.0006106802029535174,0.0005009560263715684,0.0018425234593451023,0.00040017193532548845,0.0012138838646933436,0.0006617942126467824,0.0009815051453188062
172,0.9295554757118225,0.005287810694426298,0.0013626094441860914,0.06120545417070389,0.0011281069600954652,0.029752813279628754,0.007428396958857775,0.0006214375607669353,0.0044633918441832066,0.005495590623468161,0.003966857213526964,0.0015016203979030252,0.0008671237737871706,0.0007116951164789498,0.0007380539318546653,0.0007455037557519972,0.000983063830062747,0.002300801919773221,0.00029980321414768696,0.0008709228131920099,0.0013525396352633834,0.000460258946986869,0.00036438455572351813,0.001171806245110929,0.00026205761241726577,0.000480461836559698,0.000654124072752893,0.00025852129328995943
